CombatRank,ValueRank,ShockRank,ShockValueRank,Unit,Cost,SmallArms,HP,NormalizedHP,EffectiveDPS,Suppression,NormalizedSuppression,ShockDPS,ShockSuppression,ShockNormalizedSuppression,ATScore,CombatScore,ValueScore,IsShock,ShockCombatScore,ShockValueScore
1,33,1,36,MOR. SPETSNAZ,90,13,12,0.75,0.697,141.65,1.0,1.227,166.65,1.1765,0,0.7763,0.8626,True,1.05,1.1667
2,34,2,37,SPETSNAZ,90,13,12,0.75,0.697,141.65,1.0,1.227,166.65,1.1765,0,0.7763,0.8626,True,1.05,1.1667
3,157,4,151,SAS 'G',90,12,12,0.75,0.472,86.4,0.61,0.845,121.13,0.8551,4.13,0.597,0.6634,True,0.8137,0.9042
4,278,5,251,GREEN BERETS (ODA),100,14,14,0.875,0.372,72.24,0.51,0.846,68.52,0.4837,5.4,0.5755,0.5755,True,0.7835,0.7835
5,199,17,324,LUFT.-GEBIRGSJÄGER,90,16,16,1.0,0.262,62.45,0.4409,0.505,50.78,0.3585,1.8,0.556,0.6178,False,0.6488,0.7209
6,97,8,113,ZÁLOŽNÍCI (T21),75,16,16,1.0,0.261,57.84,0.4084,0.652,57.84,0.4084,3.13,0.5489,0.7319,False,0.725,0.9666
7,95,16,131,DSh POGRANVOISKA KGB,70,12,11,0.6875,0.341,86.84,0.6131,0.643,86.84,0.6131,2.76,0.5166,0.738,False,0.6525,0.9321
8,7,35,18,MARECHAUSSEE (MG),45,12,12,0.75,0.335,72.52,0.512,0.504,72.52,0.512,0,0.5158,1.1463,False,0.5916,1.3146
309,365,147,202,PIONIER (Flam.),45,11,10,0.625,0.327,101.67,0.7177,0.642,119.61,0.8444,0,0.5093,1.1318,True,0.6766,1.5036
10,145,19,187,Alfa Group SOV,75,10,10,0.625,0.388,78.8,0.5563,0.641,95.06,0.6711,3.49,0.5048,0.6731,True,0.6413,0.8551
11,298,6,224,SPETSGRUPPA V,90,10,10,0.625,0.403,73.6,0.5196,0.813,105.41,0.7442,6.47,0.5038,0.5598,True,0.7335,0.815
12,249,28,327,MOR. PEKHOTA (PTS),85,14,14,0.875,0.247,60.2,0.425,0.523,48.53,0.3426,2.02,0.5026,0.5913,False,0.6102,0.7179
13,46,3,7,OKHRANA MVD,60,14,16,1.0,0.211,40.22,0.284,0.866,109.67,0.7742,0,0.5017,0.8361,False,0.8943,1.4905
14,213,7,138,DSh. (RPG-22),80,14,14,0.875,0.24,51.73,0.3652,0.757,60.86,0.4297,2.76,0.4874,0.6093,True,0.7326,0.9158
15,62,21,66,DSh. AFGANTSY,60,9,8,0.5,0.364,99.71,0.7039,0.703,103.58,0.7313,0,0.4797,0.7995,True,0.6375,1.0626
16,29,26,53,OKHRANA VMF,55,14,14,0.875,0.228,48.27,0.3407,0.531,48.27,0.3407,0,0.4771,0.8674,False,0.6133,1.1151
17,31,9,23,WACHSCHÜTZEN (RPO),55,11,10,0.625,0.316,80.47,0.5681,0.791,94.67,0.6683,0,0.4745,0.8628,True,0.7086,1.2883
18,6,25,5,PIONIERS (Flam.),40,10,9,0.5625,0.299,95.67,0.6754,0.588,112.55,0.7946,0,0.4663,1.1659,True,0.6204,1.5511
19,282,12,186,AERO-RIFLES (AT-4),80,13,13,0.8125,0.223,52.0,0.3671,0.703,61.17,0.4319,3.82,0.4583,0.5728,True,0.687,0.8587
20,283,36,301,USMC RIFLEMEN (AT-4),80,13,13,0.8125,0.223,52.0,0.3671,0.519,52.0,0.3671,3.82,0.4583,0.5728,False,0.5915,0.7394
21,330,37,352,USMC RIFLEMEN (Dragon),85,13,13,0.8125,0.223,52.0,0.3671,0.519,52.0,0.3671,1.98,0.4583,0.5391,False,0.5915,0.6959
22,211,38,244,USMC RIFLEMEN (LAW),75,13,13,0.8125,0.223,52.0,0.3671,0.519,52.0,0.3671,2.39,0.4583,0.611,False,0.5915,0.7887
23,50,39,65,USAF SECURITY,55,13,13,0.8125,0.22,50.69,0.3579,0.511,50.69,0.3579,0,0.4548,0.8268,False,0.5858,1.0651
24,292,22,249,HOCHGEBIRGSJÄGER,80,11,11,0.6875,0.29,57.79,0.408,0.644,70.35,0.4966,0,0.4525,0.5656,True,0.6299,0.7874
25,171,42,219,COMMANDO,70,11,11,0.6875,0.286,57.09,0.403,0.579,50.69,0.3578,3.49,0.4498,0.6426,True,0.5726,0.818
26,410,27,411,AERO-SCOUTS (GSR),100,13,13,0.8125,0.208,50.07,0.3535,0.583,45.18,0.3189,2.39,0.4485,0.4485,True,0.6105,0.6105
27,16,43,25,K.d.A. SCHÜTZEN.,45,14,14,0.875,0.186,40.22,0.284,0.465,40.22,0.284,0.61,0.4466,0.9925,False,0.5725,1.2721
28,390,18,332,NAVY SEALS,90,9,9,0.5625,0.35,56.6,0.3995,0.723,85.41,0.6029,5.4,0.4343,0.4826,True,0.6428,0.7142
29,364,15,265,GURKHA RIFLES,85,12,12,0.75,0.222,48.8,0.3445,0.698,57.41,0.4053,4.49,0.4311,0.5072,True,0.6574,0.7735
30,106,10,35,MARINEPIONIER,60,12,12,0.75,0.232,45.33,0.32,0.765,69.02,0.4872,0,0.4307,0.7178,True,0.7041,1.1735
31,69,60,115,REZERWISCI (SVD),55,12,12,0.75,0.205,53.51,0.3778,0.462,41.84,0.2954,1.6,0.4302,0.7822,False,0.5296,0.9629
32,206,69,296,SDRA 8,70,9,10,0.625,0.275,61.88,0.4369,0.466,63.39,0.4475,0,0.43,0.6143,True,0.5181,0.7401
33,23,32,14,WACHSCHÜTZEN (STOSS),45,10,10,0.625,0.28,60.0,0.4236,0.577,86.27,0.6091,0,0.4295,0.9544,True,0.6003,1.3341
34,210,14,123,NIEBIESKIE BERETY,70,12,12,0.75,0.226,45.05,0.318,0.712,52.99,0.3741,1.57,0.4279,0.6113,True,0.6579,0.9398
35,159,46,183,RANGERS (DRAGON),65,9,9,0.5625,0.343,54.29,0.3833,0.606,63.88,0.4509,2.4,0.4278,0.6581,True,0.5597,0.8611
36,111,47,130,RANGERS (LAW),60,9,9,0.5625,0.343,54.29,0.3833,0.606,63.88,0.4509,3.01,0.4278,0.7129,True,0.5597,0.9328
37,236,11,94,MARINEPIONIER (Flam.),70,11,12,0.75,0.214,42.13,0.2974,0.706,84.17,0.5942,0,0.4185,0.5978,True,0.699,0.9986
38,174,24,117,VÝSADKÁŘI,65,10,10,0.625,0.295,46.37,0.3274,0.727,54.56,0.3852,2.86,0.4169,0.6414,True,0.623,0.9584
39,14,82,26,R.A.F. BERLIN,40,12,12,0.75,0.197,45.76,0.323,0.401,45.76,0.323,2.17,0.4157,1.0392,False,0.5074,1.2684
40,388,54,404,CRAP,85,10,10,0.625,0.261,52.55,0.371,0.569,45.35,0.3202,2.38,0.4105,0.4829,True,0.5387,0.6338
41,258,72,318,AIRMOBILE TERRIERS,70,12,12,0.75,0.197,41.76,0.2948,0.419,41.76,0.2948,1.8,0.4103,0.5862,False,0.5102,0.7288
42,53,57,64,REZERWISCI,50,12,12,0.75,0.191,41.72,0.2945,0.477,41.72,0.2945,1.46,0.4073,0.8146,False,0.5363,1.0725
44,56,31,32,SAPERI (RPO),50,9,8,0.5,0.282,73.92,0.5219,0.686,86.97,0.614,0,0.4065,0.813,True,0.6065,1.2131
44,56,31,32,SAPERI (RPO),50,9,8,0.5,0.282,73.92,0.5219,0.686,86.97,0.614,0,0.4065,0.813,True,0.6065,1.2131
45,57,121,124,HJV,50,12,12,0.75,0.171,47.06,0.3322,0.349,35.39,0.2499,2.17,0.4059,0.8118,False,0.4695,0.9391
46,445,63,441,SAS,100,8,8,0.5,0.345,52.21,0.3686,0.593,61.43,0.4337,5.4,0.4042,0.4042,True,0.5287,0.5287
47,198,34,143,COMMANDOS,65,10,10,0.625,0.262,45.88,0.3239,0.66,53.97,0.381,2.38,0.4016,0.6178,True,0.5918,0.9105
48,61,75,82,PROVINCIAUX,50,12,12,0.75,0.178,41.91,0.2958,0.417,41.91,0.2958,0.87,0.4016,0.8032,False,0.5094,1.0188
49,207,106,298,POHRANIČNÍCI,65,11,11,0.6875,0.204,46.99,0.3317,0.423,35.32,0.2494,2.39,0.3989,0.6137,False,0.4808,0.7397
50,397,41,376,FALLSCHIRMJÄGER B1,85,8,8,0.5,0.315,57.98,0.4093,0.615,87.03,0.6144,7.7,0.3987,0.469,True,0.5748,0.6763
51,156,94,210,MECH. CP ESCORT,60,11,11,0.6875,0.217,42.42,0.2994,0.433,42.42,0.2994,1.8,0.3981,0.6634,False,0.4955,0.8259
52,64,74,81,GIGN,50,8,8,0.5,0.315,57.6,0.4066,0.529,68.42,0.483,0,0.398,0.796,True,0.5096,1.0192
476,475,434,452,PATHFINDERS,85,9,9,0.5625,0.287,50.51,0.3566,0.707,59.42,0.4195,3.49,0.3973,0.4674,True,0.5991,0.7048
54,66,23,29,N.G. ENGINEERS (Flam.),50,11,12,0.75,0.171,40.57,0.2864,0.554,82.34,0.5813,0,0.3969,0.7937,True,0.6283,1.2565
55,110,29,54,SAPERZY SZTURMOWI,55,9,9,0.5625,0.247,59.62,0.4209,0.697,70.14,0.4952,0,0.3923,0.7132,True,0.6094,1.1081
56,37,84,51,ZAPADORES (M65),45,9,9,0.5625,0.252,54.0,0.3812,0.487,63.53,0.4485,1.68,0.3865,0.8589,True,0.5058,1.1239
57,21,50,13,ZAPADORES,40,9,9,0.5625,0.252,54.0,0.3812,0.523,79.22,0.5592,0,0.3865,0.9663,True,0.5441,1.3603
58,316,59,277,GEB. JAGDKOMMANDO,70,11,11,0.6875,0.177,44.2,0.312,0.474,53.96,0.381,0,0.3828,0.5468,True,0.5302,0.7574
59,255,175,388,GEBIRGSJÄGER ,65,11,11,0.6875,0.177,44.2,0.312,0.324,32.53,0.2297,1.72,0.3828,0.5889,False,0.4323,0.665
60,394,105,415,COMMANDOS DE L'AIR,80,8,9,0.5625,0.226,58.46,0.4127,0.505,40.54,0.2862,3.76,0.3813,0.4766,True,0.4814,0.6018
61,24,136,43,HJV RESERVISTER,40,12,12,0.75,0.151,35.12,0.248,0.325,35.12,0.248,0.72,0.3799,0.9497,False,0.4585,1.1463
62,44,110,71,BEVEILIGING MOBIEL ,45,10,10,0.625,0.213,46.14,0.3257,0.426,46.14,0.3257,0,0.3799,0.8443,False,0.4757,1.0572
121,220,120,188,PIONIER (CarlG),50,9,9,0.5625,0.24,52.92,0.3736,0.647,62.25,0.4395,0,0.3794,0.7588,True,0.5757,1.1515
64,12,138,22,CONSCRITS,35,12,12,0.75,0.146,34.88,0.2462,0.316,34.88,0.2462,0.5,0.3777,1.079,False,0.4537,1.2964
65,273,45,179,REZ. DESANT. MOR. PEKHOTA,65,11,11,0.6875,0.182,38.67,0.273,0.573,45.49,0.3211,2.39,0.3771,0.5801,True,0.5625,0.8654
66,25,134,42,BEZPEČNOSTNÍ ODDÍL,40,10,10,0.625,0.215,43.2,0.305,0.399,43.2,0.305,0,0.3765,0.9411,False,0.4595,1.1487
67,192,146,282,PIECHOTA (SVD),60,10,10,0.625,0.197,47.11,0.3326,0.407,35.45,0.2502,1.57,0.3741,0.6235,False,0.4519,0.7531
68,52,123,75,MARINIER,45,10,10,0.625,0.199,43.0,0.3036,0.415,43.0,0.3036,0,0.3692,0.8205,False,0.4661,1.0359
69,96,164,173,KOMEND. USILENNAYA,50,10,10,0.625,0.185,47.11,0.3326,0.379,35.45,0.2502,0,0.3687,0.7374,False,0.4393,0.8786
70,212,150,285,MARINESICHERUNGS,60,11,11,0.6875,0.169,35.39,0.2499,0.352,35.39,0.2499,1.8,0.3665,0.6108,False,0.4492,0.7486
347,209,349,240,SICHERUNGS,45,11,11,0.6875,0.169,35.39,0.2499,0.352,35.39,0.2499,0,0.3665,0.8144,False,0.4492,0.9982
72,219,169,320,SRN,60,10,10,0.625,0.187,43.79,0.3091,0.383,32.12,0.2268,0,0.3648,0.608,False,0.4364,0.7274
73,104,152,159,GENDARMES,50,10,10,0.625,0.19,40.09,0.283,0.385,40.09,0.283,0.87,0.3609,0.7219,False,0.4486,0.8972
74,231,97,222,WACHSCHÜTZEN,60,10,10,0.625,0.176,43.93,0.3101,0.483,37.96,0.268,1.83,0.36,0.6,True,0.4898,0.8163
75,63,184,125,MOR. PEKHOTA (SVD),45,10,10,0.625,0.174,43.93,0.3101,0.351,32.27,0.2278,0,0.3589,0.7975,False,0.4224,0.9387
76,429,103,420,PARAS-MARINE (Eryx),85,10,10,0.625,0.173,43.79,0.3091,0.475,37.79,0.2668,3.12,0.3586,0.4219,True,0.4858,0.5716
77,411,104,412,PARAS-MARINE,80,10,10,0.625,0.173,43.79,0.3091,0.475,37.79,0.2668,4.72,0.3586,0.4483,True,0.4858,0.6073
78,237,185,341,GREN.-VOLTIGEURS (FR-F1),60,10,10,0.625,0.173,43.79,0.3091,0.351,32.12,0.2268,1.68,0.3586,0.5977,False,0.4221,0.7035
79,309,186,397,LEGIONNAIRES,65,10,10,0.625,0.173,43.79,0.3091,0.351,32.12,0.2268,1.68,0.3586,0.5517,False,0.4221,0.6493
80,238,187,342,MARSOUINS,60,10,10,0.625,0.173,43.79,0.3091,0.351,32.12,0.2268,1.68,0.3586,0.5977,False,0.4221,0.7035
81,15,135,19,ZÁLOŽNÍCI,35,10,10,0.625,0.182,40.92,0.2889,0.406,40.92,0.2889,2.17,0.3585,1.0244,False,0.4592,1.3119
82,361,48,242,KSK,70,7,7,0.4375,0.292,52.0,0.3671,0.64,80.0,0.5648,3.49,0.3581,0.5116,True,0.5539,0.7912
83,163,58,107,STRANDMEISTER ,55,10,10,0.625,0.183,38.82,0.2741,0.505,61.36,0.4332,0,0.3558,0.6468,True,0.5327,0.9685
84,167,181,262,FUSILEROS (C90),55,11,11,0.6875,0.154,31.43,0.2219,0.314,31.43,0.2219,4.78,0.3543,0.6442,False,0.4265,0.7754
85,318,56,211,BERLIN RIFLES,65,10,10,0.625,0.179,38.93,0.2748,0.562,45.8,0.3233,4.49,0.3541,0.5448,True,0.5364,0.8252
86,116,130,136,VPB,50,10,10,0.625,0.184,35.47,0.2504,0.429,35.47,0.2504,1.57,0.3518,0.7036,False,0.4618,0.9237
87,329,227,413,GEB. AUFKLÄRER,65,10,10,0.625,0.163,41.34,0.2919,0.295,29.68,0.2095,1.72,0.3505,0.5393,False,0.3935,0.6054
88,77,68,38,PIONIER (AGI),45,9,8,0.5,0.179,66.43,0.469,0.52,78.15,0.5517,0,0.3492,0.7759,True,0.5192,1.1538
89,453,127,449,DESANT. SPETSRAZVEDKA,90,10,10,0.625,0.161,40.47,0.2857,0.437,33.88,0.2392,2.76,0.3485,0.3872,True,0.4634,0.5148
90,120,183,198,LIVGARDEN,50,10,10,0.625,0.173,36.44,0.2572,0.341,36.44,0.2572,1.8,0.348,0.6959,False,0.4234,0.8468
91,378,81,321,GUERRILLEROS,70,8,8,0.5,0.229,49.2,0.3473,0.551,60.23,0.4252,0,0.3477,0.4967,True,0.5081,0.7259
92,277,70,181,DESANT. KOMANDOSI,60,8,8,0.5,0.245,42.68,0.3013,0.604,50.21,0.3545,2.22,0.3454,0.5757,True,0.5175,0.8625
93,32,168,57,RESERVE,40,10,10,0.625,0.161,38.14,0.2693,0.366,38.14,0.2693,2.17,0.3451,0.8627,False,0.4375,1.0938
94,35,85,28,ZAPADORES (BMR),40,8,8,0.5,0.225,48.82,0.3446,0.505,73.12,0.5162,0,0.345,0.8625,True,0.5055,1.2638
95,18,192,33,RESERVISTES (LRAC),35,10,10,0.625,0.159,38.09,0.2689,0.328,38.09,0.2689,0.97,0.3442,0.9833,False,0.4201,1.2002
96,84,180,120,WSW,45,9,9,0.5625,0.2,40.67,0.2871,0.389,40.67,0.2871,0,0.3442,0.7649,False,0.4295,0.9544
97,132,88,89,ŽENIJNÍ PRŮZKUMNÍCI,50,8,8,0.5,0.223,48.52,0.3426,0.501,72.77,0.5137,0,0.344,0.6881,True,0.5033,1.0065
98,187,153,223,URSN,55,8,8,0.5,0.234,44.87,0.3167,0.493,36.31,0.2564,2.22,0.3438,0.6251,True,0.4483,0.8151
99,85,156,101,OKHRANA,45,10,10,0.625,0.166,35.47,0.2504,0.387,35.47,0.2504,0,0.3437,0.7639,False,0.4431,0.9847
100,86,99,61,GENIE VERK,45,8,8,0.5,0.224,48.0,0.3389,0.469,72.16,0.5094,0,0.3436,0.7635,True,0.4879,1.0843
101,19,100,12,ŽENISTÉ,35,8,8,0.5,0.224,48.0,0.3389,0.469,72.16,0.5094,0,0.3436,0.9816,True,0.4879,1.3941
102,189,49,92,AIRBORNE ENGINEERS,55,10,10,0.625,0.166,35.32,0.2494,0.56,57.24,0.4041,0,0.3435,0.6245,True,0.5514,1.0025
103,284,157,303,CHASSEURS-PARAS,60,10,10,0.625,0.166,35.32,0.2494,0.387,35.32,0.2494,1.68,0.3435,0.5724,False,0.4428,0.7379
104,425,71,401,LÉGIONNAIRES-PARAS,80,10,10,0.625,0.166,35.32,0.2494,0.524,41.56,0.2934,4.72,0.3435,0.4293,True,0.513,0.6413
105,285,158,304,GREN.-VOLTIGEURS (APILAS),60,10,10,0.625,0.166,35.32,0.2494,0.387,35.32,0.2494,4.72,0.3435,0.5724,False,0.4428,0.7379
106,286,159,305,AEROMOBILES,60,10,10,0.625,0.166,35.32,0.2494,0.387,35.32,0.2494,4.72,0.3435,0.5724,False,0.4428,0.7379
107,190,160,232,GRENADIER-VOLTIGEURS,55,10,10,0.625,0.166,35.32,0.2494,0.387,35.32,0.2494,1.68,0.3435,0.6245,False,0.4428,0.805
108,341,161,371,LEGIONNAIRES (APILAS),65,10,10,0.625,0.166,35.32,0.2494,0.387,35.32,0.2494,4.72,0.3435,0.5284,False,0.4428,0.6812
109,287,162,306,MARSOUINS (APILAS),60,10,10,0.625,0.166,35.32,0.2494,0.387,35.32,0.2494,4.72,0.3435,0.5724,False,0.4428,0.7379
110,135,171,176,MILITARY POLICE,50,10,10,0.625,0.164,35.29,0.2491,0.37,35.29,0.2491,0,0.3425,0.6849,False,0.4351,0.8702
111,136,91,91,INGENIØRER (CarlG),50,8,8,0.5,0.221,47.82,0.3376,0.55,56.26,0.3972,0,0.342,0.6839,True,0.502,1.004
112,42,234,114,RESERVISTES (FR-F1),40,10,10,0.625,0.141,41.05,0.2898,0.28,29.38,0.2074,0.97,0.3401,0.8503,False,0.3863,0.9657
113,141,51,59,AERO-ENGINEERS,50,10,10,0.625,0.161,34.16,0.2411,0.544,55.87,0.3944,0,0.3396,0.6792,True,0.5425,1.085
114,142,52,60,ENGINEERS,50,10,10,0.625,0.161,34.16,0.2411,0.544,55.87,0.3944,0,0.3396,0.6792,True,0.5425,1.085
115,351,87,260,AERO-SCOUTS,65,10,10,0.625,0.161,34.16,0.2411,0.508,40.19,0.2837,2.39,0.3396,0.5225,True,0.5041,0.7756
116,205,55,103,USMC ENGINEERS,55,10,10,0.625,0.158,34.16,0.2411,0.534,55.87,0.3944,0,0.3382,0.6149,True,0.538,0.9781
117,92,61,34,AIRBORNE ENGINEERS (FLASH),45,6,5,0.3125,0.252,81.05,0.5722,0.633,95.35,0.6732,0,0.3373,0.7495,True,0.529,1.1756
118,9,92,4,REZ. SAPERZY,30,8,8,0.5,0.206,48.52,0.3426,0.492,72.77,0.5137,0,0.3363,1.121,True,0.4993,1.6643
119,218,154,230,KULOMETČÍCI,55,9,9,0.5625,0.185,38.77,0.2737,0.431,38.77,0.2737,2.39,0.3349,0.6089,False,0.4454,0.8099
207,30,223,49,RESERVISTES,30,10,10,0.625,0.147,35.32,0.2494,0.368,35.32,0.2494,0,0.3347,1.1158,False,0.434,1.4467
121,220,120,188,PIONIER (CarlG),55,10,10,0.625,0.155,32.53,0.2297,0.438,38.28,0.2702,1.8,0.3343,0.6078,True,0.4699,0.8544
122,148,77,83,GEBIRGSPIONIERE,50,10,10,0.625,0.155,32.53,0.2297,0.474,53.96,0.381,0,0.3343,0.6686,True,0.5083,1.0167
273,186,141,85,PIONIER,50,10,10,0.625,0.155,32.53,0.2297,0.474,53.96,0.381,0,0.3343,0.6686,True,0.5083,1.0167
124,221,79,135,FALLSCHIRMPIONIER,55,10,10,0.625,0.155,32.53,0.2297,0.474,53.96,0.381,0,0.3343,0.6078,True,0.5083,0.9242
125,299,208,365,PANSERSPEJDERE,60,10,10,0.625,0.155,32.53,0.2297,0.324,32.53,0.2297,1.8,0.3343,0.5571,False,0.4104,0.684
126,222,209,289,FUSILEROS (M65),55,10,10,0.625,0.155,32.53,0.2297,0.324,32.53,0.2297,1.68,0.3343,0.6078,False,0.4104,0.7462
127,150,95,102,ENGINEERS (DRAGON),50,10,10,0.625,0.154,32.0,0.2259,0.486,37.65,0.2658,1.4,0.3334,0.6668,True,0.4905,0.9811
128,301,96,220,ENGINEERS (M67),60,10,10,0.625,0.154,32.0,0.2259,0.486,37.65,0.2658,1.06,0.3334,0.5556,True,0.4905,0.8176
129,228,233,338,LIGHT RIFLES (LAW),55,9,9,0.5625,0.161,44.2,0.312,0.322,32.53,0.2297,2.39,0.3317,0.6032,False,0.3879,0.7052
130,48,62,15,N.G. ENGINEERS,40,10,10,0.625,0.143,34.16,0.2411,0.514,55.87,0.3944,0,0.3311,0.8279,True,0.529,1.3226
131,310,73,195,AIRMOBILE PIONEERS,60,9,9,0.5625,0.175,39.05,0.2757,0.551,45.95,0.3244,1.8,0.3308,0.5514,True,0.5098,0.8497
132,230,173,243,AIRMOBILE GUN GROUP,55,9,9,0.5625,0.175,38.77,0.2737,0.407,38.77,0.2737,2.39,0.3303,0.6005,False,0.4346,0.7903
133,311,76,197,SPADOCHRONIARZE (PKM),60,9,9,0.5625,0.175,38.77,0.2737,0.55,45.61,0.322,1.8,0.3303,0.5505,True,0.5089,0.8482
134,98,128,77,PIONIERS (RL-83),45,9,9,0.5625,0.177,37.2,0.2626,0.454,43.76,0.309,1.29,0.3289,0.7308,True,0.4629,1.0287
135,315,98,225,Fs-EINSATZGRUPPE,60,8,8,0.5,0.219,39.04,0.2756,0.553,45.93,0.3242,3.49,0.3286,0.5477,True,0.4889,0.8148
136,99,170,106,RESERVISTEN,45,9,9,0.5625,0.18,35.73,0.2523,0.419,35.73,0.2523,1.57,0.3284,0.7297,False,0.4358,0.9685
137,26,83,8,ENGINEERS (FLASH),35,6,5,0.3125,0.24,77.73,0.5487,0.596,91.45,0.6456,0,0.3272,0.9348,True,0.5066,1.4473
138,367,163,373,SPADOCHRONIARZE,65,9,9,0.5625,0.161,40.73,0.2876,0.435,34.2,0.2414,1.57,0.3266,0.5025,True,0.4407,0.678
139,245,179,254,STŘELCI,55,9,9,0.5625,0.175,35.45,0.2502,0.407,35.45,0.2502,2.02,0.3256,0.592,False,0.43,0.7818
140,400,53,269,PARA. SAS,70,8,8,0.5,0.215,38.2,0.2697,0.608,64.42,0.4548,0,0.3256,0.4652,True,0.5397,0.771
141,11,228,20,HSF,30,10,10,0.625,0.137,31.86,0.2249,0.285,31.86,0.2249,0,0.3255,1.0851,False,0.3921,1.3068
142,162,107,116,N.G. ENGINEERS (M67),50,10,10,0.625,0.136,32.0,0.2259,0.461,37.65,0.2658,0.95,0.3253,0.6506,True,0.4796,0.9591
143,27,222,48,PRIZIVNIKI,35,9,10,0.625,0.134,32.72,0.231,0.307,26.89,0.1898,0.61,0.3252,0.9291,False,0.3951,1.1288
144,325,188,345,LIGHT RIFLES (AT-4),60,9,9,0.5625,0.162,39.2,0.2767,0.376,39.2,0.2767,3.82,0.3249,0.5415,False,0.4213,0.7022
145,374,189,398,LIGHT RIFLES (Dragon),65,9,9,0.5625,0.162,39.2,0.2767,0.376,39.2,0.2767,1.98,0.3249,0.4998,False,0.4213,0.6482
146,375,190,399,LIGHT RIFLES (RCL),65,9,9,0.5625,0.162,39.2,0.2767,0.376,39.2,0.2767,1.06,0.3249,0.4998,False,0.4213,0.6482
147,58,93,30,RESERVISTES SAPEURS,40,10,10,0.625,0.133,32.24,0.2276,0.449,53.62,0.3785,0.97,0.3243,0.8108,True,0.4966,1.2414
148,105,20,11,OMON,45,7,8,0.5,0.196,42.67,0.3012,0.722,99.76,0.7043,0,0.3232,0.7183,True,0.641,1.4243
149,108,108,67,ŽENISTÉ (LPO),45,7,8,0.5,0.196,42.0,0.2965,0.41,84.02,0.5931,0,0.3225,0.7167,True,0.4781,1.0625
150,334,193,349,AIRMOBILE,60,9,9,0.5625,0.163,35.73,0.2523,0.38,35.73,0.2523,4.49,0.3208,0.5346,False,0.4181,0.6969
151,270,194,272,MOT. AIRMOBILE,55,9,9,0.5625,0.163,35.73,0.2523,0.38,35.73,0.2523,1.8,0.3208,0.5832,False,0.4181,0.7603
152,382,64,231,Fs-SPRENGTAUCHER,65,8,8,0.5,0.211,35.9,0.2534,0.587,61.72,0.4357,0,0.3208,0.4936,True,0.5262,0.8095
153,172,195,203,GUARDS (CarlG),50,9,9,0.5625,0.163,35.73,0.2523,0.38,35.73,0.2523,1.8,0.3208,0.6415,False,0.4181,0.8363
154,112,196,132,GUARDS,45,9,9,0.5625,0.163,35.73,0.2523,0.38,35.73,0.2523,2.39,0.3208,0.7128,False,0.4181,0.9292
155,271,65,119,PARA. ENGINEERS,55,9,9,0.5625,0.163,35.73,0.2523,0.55,57.72,0.4075,0,0.3208,0.5832,True,0.5257,0.9559
386,173,390,204,MOT. RIFLES,50,9,9,0.5625,0.163,35.73,0.2523,0.38,35.73,0.2523,1.8,0.3208,0.6415,False,0.4181,0.8363
157,402,101,351,DESANT. USILENNIE,70,9,9,0.5625,0.163,35.73,0.2523,0.514,42.04,0.2968,4.78,0.3208,0.4582,True,0.4873,0.6962
158,426,259,454,DELTA,75,5,6,0.375,0.237,58.53,0.4132,0.403,40.62,0.2868,2.54,0.3206,0.4275,True,0.3701,0.4934
289,434,238,417,FALLSCHIRMJÄGER,65,8,8,0.5,0.214,34.88,0.2462,0.538,41.03,0.2897,2.86,0.3204,0.493,True,0.4752,0.7311
160,403,112,372,FALLSCHIRMJÄGER (Metis),70,8,8,0.5,0.214,34.88,0.2462,0.538,41.03,0.2897,2.8,0.3204,0.4577,True,0.4752,0.6789
161,272,113,180,LUFTSTURM-JÄGER,55,8,8,0.5,0.214,34.88,0.2462,0.538,41.03,0.2897,2.86,0.3204,0.5826,True,0.4752,0.864
162,335,114,241,LUFTSTURM-JÄGER (Metis),60,8,8,0.5,0.214,34.88,0.2462,0.538,41.03,0.2897,2.8,0.3204,0.534,True,0.4752,0.792
163,384,102,286,AIRBORNE,65,9,9,0.5625,0.163,35.45,0.2502,0.513,41.7,0.2944,3.82,0.3202,0.4926,True,0.4864,0.7484
164,178,203,209,MECH. RIFLES (LAW),50,9,9,0.5625,0.158,35.59,0.2512,0.369,35.59,0.2512,2.39,0.3184,0.6368,False,0.413,0.826
165,339,204,363,MECH. RIFLES (DRAGON),60,9,9,0.5625,0.158,35.59,0.2512,0.369,35.59,0.2512,1.98,0.3184,0.5307,False,0.413,0.6883
166,65,287,166,JÄGER,40,9,9,0.5625,0.149,38.49,0.2717,0.267,26.82,0.1893,0,0.3183,0.7958,False,0.3547,0.8869
167,276,115,182,AERO-RIFLES,55,9,9,0.5625,0.154,35.73,0.2523,0.485,42.04,0.2968,2.39,0.3166,0.5757,True,0.4743,0.8624
168,387,116,316,AERO-RIFLES (DRAGON),65,9,9,0.5625,0.154,35.73,0.2523,0.485,42.04,0.2968,1.98,0.3166,0.4871,True,0.4743,0.7297
169,406,117,374,AIRBORNE (DRAGON),70,9,9,0.5625,0.154,35.73,0.2523,0.485,42.04,0.2968,1.98,0.3166,0.4523,True,0.4743,0.6776
170,181,211,221,LIGHT RIFLES (VIPER),50,9,9,0.5625,0.154,35.73,0.2523,0.358,35.73,0.2523,2.86,0.3166,0.6332,False,0.4085,0.8171
171,13,230,21,BEVEILIGING,30,9,9,0.5625,0.153,35.81,0.2528,0.317,35.81,0.2528,0,0.3165,1.0548,False,0.3902,1.3006
172,183,66,73,SAPERZY,50,9,9,0.5625,0.165,32.12,0.2268,0.554,53.48,0.3775,1.8,0.3163,0.6326,True,0.5218,1.0435
173,343,67,177,NIEB. BERETY SAPERZY,60,9,9,0.5625,0.165,32.12,0.2268,0.554,53.48,0.3775,1.57,0.3163,0.5272,True,0.5218,0.8696
174,184,202,207,PIECHOTA ,50,9,9,0.5625,0.165,32.12,0.2268,0.383,32.12,0.2268,1.57,0.3163,0.6326,False,0.4146,0.8291
175,430,307,467,DRAGON-PARAS,75,5,6,0.375,0.221,60.0,0.4236,0.334,43.01,0.3036,0,0.3154,0.4205,True,0.3423,0.4564
176,431,232,445,SAS PATROL,75,5,6,0.375,0.221,60.0,0.4236,0.381,61.18,0.4319,0,0.3154,0.4205,True,0.3891,0.5188
273,186,141,85,PIONIER,50,9,9,0.5625,0.152,35.03,0.2473,0.513,56.9,0.4017,0,0.3145,0.6291,True,0.5081,1.0163
178,68,224,99,FUSILEROS,40,9,9,0.5625,0.155,33.64,0.2375,0.333,33.64,0.2375,0,0.3143,0.7856,False,0.3944,0.9859
179,28,249,63,FR. POLIZEI-RESERVE,35,10,10,0.625,0.128,26.87,0.1897,0.267,26.87,0.1897,0.58,0.3142,0.8978,False,0.377,1.0772
180,289,214,308,AIR CAV. TROOPERS,55,9,9,0.5625,0.153,33.11,0.2338,0.356,33.11,0.2338,2.39,0.3125,0.5682,False,0.4039,0.7343
181,188,229,253,INFANTERIE (LAW),50,9,9,0.5625,0.153,33.05,0.2333,0.328,33.05,0.2333,2.39,0.3123,0.6246,False,0.3909,0.7819
182,432,336,470,SPETSNAZ GRU,75,6,6,0.375,0.261,44.88,0.3168,0.334,36.33,0.2565,4.03,0.3123,0.4164,True,0.3329,0.4439
183,193,292,343,JÆGERE,50,6,6,0.375,0.254,46.7,0.3297,0.369,38.47,0.2716,3.49,0.3117,0.6233,True,0.3515,0.703
184,451,293,473,LRS,80,6,6,0.375,0.254,46.7,0.3297,0.369,38.47,0.2716,3.49,0.3117,0.3896,True,0.3515,0.4394
185,393,122,326,SPADOCHRONIARZE (METIS),65,9,9,0.5625,0.153,32.27,0.2278,0.483,37.96,0.268,2.04,0.3115,0.4792,True,0.4679,0.7198
186,122,215,160,FUSILIER (RL-83),45,9,9,0.5625,0.153,32.27,0.2278,0.357,32.27,0.2278,1.29,0.3115,0.6922,False,0.4031,0.8958
187,76,216,86,FUSILIER ,40,9,9,0.5625,0.153,32.27,0.2278,0.357,32.27,0.2278,2.02,0.3115,0.7788,False,0.4031,1.0078
188,194,263,309,B.G.S.,50,9,9,0.5625,0.152,32.59,0.2301,0.275,32.59,0.2301,1.68,0.3114,0.6228,False,0.3665,0.7329
189,195,217,234,MOR. PEKHOTA (RPG-22),50,9,9,0.5625,0.151,32.27,0.2278,0.351,32.27,0.2278,2.76,0.3104,0.6208,False,0.4006,0.8011
190,294,218,319,MORSKAYA PEKHOTA,55,9,9,0.5625,0.151,32.27,0.2278,0.351,32.27,0.2278,1.83,0.3104,0.5644,False,0.4006,0.7283
191,353,125,264,DESANT. MOR. PEKHOTA,60,9,9,0.5625,0.151,32.27,0.2278,0.475,37.96,0.268,1.57,0.3104,0.5173,True,0.4644,0.774
192,295,126,200,DESANT. OCHRONA,55,9,9,0.5625,0.151,32.27,0.2278,0.475,37.96,0.268,1.8,0.3104,0.5644,True,0.4644,0.8444
193,130,89,52,PIONIERS,45,9,9,0.5625,0.151,32.12,0.2268,0.511,53.48,0.3775,0,0.3101,0.6892,True,0.5023,1.1163
194,196,90,90,DESANT. SAPERZY,50,9,9,0.5625,0.151,32.12,0.2268,0.511,53.48,0.3775,0,0.3101,0.6203,True,0.5023,1.0047
195,3,155,2,RES. GENIE,25,8,8,0.5,0.172,40.44,0.2855,0.41,60.64,0.4281,0,0.3094,1.2377,True,0.4452,1.781
196,395,210,405,AIRMOBILE SCOUTS,65,8,8,0.5,0.172,39.18,0.2766,0.399,39.18,0.2766,2.39,0.3076,0.4732,False,0.41,0.6308
197,357,129,266,FALLSCHIRMJÄGER (s.MG),60,7,7,0.4375,0.221,38.84,0.2742,0.545,45.7,0.3226,3.49,0.3075,0.5124,True,0.4629,0.7716
198,359,182,334,KAMPFSCHWIMMER,60,6,6,0.375,0.231,50.76,0.3583,0.46,62.07,0.4382,0,0.3071,0.5118,True,0.426,0.71
199,82,132,40,MOR. SAPERI (RPO),40,6,5,0.3125,0.236,64.47,0.4551,0.541,75.84,0.5354,0,0.3067,0.7668,True,0.4598,1.1496
200,83,133,41,DESANT. SAPERI (RPO),40,6,5,0.3125,0.236,64.47,0.4551,0.541,75.84,0.5354,0,0.3067,0.7668,True,0.4598,1.1496
201,455,284,469,FERNSPAHER,80,6,6,0.375,0.231,50.38,0.3557,0.364,42.8,0.3021,3.49,0.3064,0.383,True,0.3556,0.4445
202,444,321,468,SPEZIALAUFKLÄRER,75,6,6,0.375,0.231,50.0,0.353,0.325,42.35,0.299,3.49,0.3058,0.4077,True,0.3372,0.4496
203,396,322,446,RT SHPz,65,6,6,0.375,0.231,50.0,0.353,0.325,42.35,0.299,3.49,0.3058,0.4705,True,0.3372,0.5187
204,363,200,355,GREEN BERETS,60,6,6,0.375,0.259,40.7,0.2873,0.479,48.54,0.3427,5.4,0.3051,0.5084,True,0.4155,0.6926
205,307,276,392,MOT.-SCHÜTZEN (SVD),55,8,8,0.5,0.16,41.0,0.2894,0.319,29.33,0.2071,2.39,0.3047,0.5541,False,0.36,0.6546
206,88,220,98,N.G. RIFLES (LAW),40,9,9,0.5625,0.135,33.11,0.2338,0.338,33.11,0.2338,2.17,0.3045,0.7612,False,0.3958,0.9896
207,30,223,49,RESERVISTES,35,9,9,0.5625,0.135,32.27,0.2278,0.339,32.27,0.2278,1.17,0.3032,0.8662,False,0.3948,1.128
309,365,147,202,PIONIER (Flam.),60,8,9,0.5625,0.136,31.83,0.2247,0.46,72.06,0.5087,0,0.3031,0.5051,True,0.5055,0.8425
209,146,124,76,TERRIERS PIONEERS,45,9,9,0.5625,0.142,29.53,0.2084,0.44,50.42,0.356,0,0.3025,0.6722,True,0.466,1.0355
210,312,253,378,EXPLORADORES,55,9,9,0.5625,0.141,29.68,0.2095,0.295,29.68,0.2095,1.68,0.3021,0.5492,False,0.3716,0.6757
211,313,254,379,JÄGER AUFKL.,55,9,9,0.5625,0.141,29.68,0.2095,0.295,29.68,0.2095,1.72,0.3021,0.5492,False,0.3716,0.6757
212,224,255,292,JÄGER (CarlG),50,9,9,0.5625,0.141,29.68,0.2095,0.295,29.68,0.2095,1.8,0.3021,0.6041,False,0.3716,0.7433
213,225,256,293,JÄGER (PzF),50,9,9,0.5625,0.141,29.68,0.2095,0.295,29.68,0.2095,1.72,0.3021,0.6041,False,0.3716,0.7433
214,226,257,294,PZ.GRENADIER (M113),50,9,9,0.5625,0.141,29.68,0.2095,0.295,29.68,0.2095,1.72,0.3021,0.6041,False,0.3716,0.7433
215,229,262,297,INFANTERIE,50,9,9,0.5625,0.139,29.38,0.2074,0.292,29.38,0.2074,1.8,0.3011,0.6022,False,0.3699,0.7398
216,235,119,121,SAPEURS (Flam.),50,7,8,0.5,0.166,35.37,0.2497,0.417,76.22,0.5381,0,0.2996,0.5991,True,0.4703,0.9407
217,320,239,354,MOTORISED SCOUTS,55,8,8,0.5,0.163,35.75,0.2524,0.346,35.75,0.2524,1.8,0.2988,0.5433,False,0.381,0.6928
218,240,235,267,N.G. RIFLES (DRAGON),50,9,9,0.5625,0.129,30.96,0.2185,0.323,30.96,0.2185,1.85,0.2986,0.5972,False,0.3858,0.7715
219,241,236,268,N.G. RIFLES (M67),50,9,9,0.5625,0.129,30.96,0.2185,0.323,30.96,0.2185,0.95,0.2986,0.5972,False,0.3858,0.7715
220,459,176,435,FORMOZA,80,6,6,0.375,0.236,43.2,0.305,0.446,69.65,0.4917,3.49,0.2985,0.3731,True,0.4303,0.5378
221,242,177,184,FRØMÆND,50,6,6,0.375,0.236,43.2,0.305,0.446,69.65,0.4917,2.54,0.2985,0.597,True,0.4303,0.8605
222,321,178,252,PSSE-B,55,6,6,0.375,0.236,43.2,0.305,0.446,69.65,0.4917,5.4,0.2985,0.5428,True,0.4303,0.7823
223,427,248,434,DESANT. ROZP. SPECJALNE,70,6,6,0.375,0.236,43.2,0.305,0.39,50.82,0.3588,2.86,0.2985,0.4265,True,0.3784,0.5405
224,43,258,68,NATRES,35,9,9,0.5625,0.127,29.53,0.2084,0.294,29.53,0.2084,2.17,0.2955,0.8443,False,0.371,1.06
225,94,260,134,HEIMAT-JÄGER,40,9,9,0.5625,0.126,29.68,0.2095,0.292,29.68,0.2095,1.66,0.2954,0.7386,False,0.3701,0.9253
226,161,261,212,HEIMAT-AUFKLÄRER,45,9,9,0.5625,0.126,29.68,0.2095,0.292,29.68,0.2095,1.6,0.2954,0.6565,False,0.3701,0.8225
227,336,313,408,PANZERMATROSEN,55,8,8,0.5,0.145,37.53,0.265,0.285,25.87,0.1826,1.83,0.2933,0.5333,False,0.3399,0.618
228,266,319,380,GVARDEITSY (SVD),50,8,8,0.5,0.143,37.53,0.265,0.28,25.87,0.1826,2.76,0.2922,0.5844,False,0.3373,0.6747
229,267,323,382,CHASSEURS,50,8,8,0.5,0.143,37.39,0.264,0.279,25.72,0.1816,1.68,0.2919,0.5838,False,0.337,0.6739
230,268,324,383,SPAHIS,50,8,8,0.5,0.143,37.39,0.264,0.279,25.72,0.1816,1.68,0.2919,0.5838,False,0.337,0.6739
231,407,325,447,HUSSARDS-PARA.,65,8,8,0.5,0.143,37.39,0.264,0.279,25.72,0.1816,4.72,0.2919,0.4491,False,0.337,0.5184
232,408,326,448,RAZVEDKA PV KGB,65,8,8,0.5,0.143,37.39,0.264,0.279,25.72,0.1816,0,0.2919,0.4491,False,0.337,0.5184
233,337,327,409,POGRANVOISKA KGB,55,8,8,0.5,0.143,37.39,0.264,0.279,25.72,0.1816,2.76,0.2919,0.5308,False,0.337,0.6127
234,340,247,362,MECH. RIFLES (C6),55,8,8,0.5,0.148,35.15,0.2482,0.345,35.15,0.2482,1.8,0.2913,0.5296,False,0.3797,0.6903
235,101,290,171,INFANTERI,40,8,8,0.5,0.154,32.67,0.2306,0.292,32.67,0.2306,1.8,0.2904,0.7259,False,0.3524,0.881
236,274,240,271,MOT.-SCHÜTZEN (BTR),50,8,8,0.5,0.153,32.53,0.2297,0.355,32.53,0.2297,2.02,0.2896,0.5792,False,0.3807,0.7615
237,345,241,356,MOT.-SCHÜTZEN (Metis),55,8,8,0.5,0.153,32.53,0.2297,0.355,32.53,0.2297,2.04,0.2896,0.5266,False,0.3807,0.6922
238,346,242,357,MOT.-SCHÜTZEN (Strela),55,8,8,0.5,0.153,32.53,0.2297,0.355,32.53,0.2297,2.39,0.2896,0.5266,False,0.3807,0.6922
239,347,243,358,RES. PARA-COMMANDO,55,8,8,0.5,0.153,32.53,0.2297,0.355,32.53,0.2297,2.02,0.2896,0.5266,False,0.3807,0.6922
480,480,477,483,ECLAIREURS,55,8,8,0.5,0.153,32.53,0.2297,0.355,32.53,0.2297,1.29,0.2896,0.5266,False,0.3807,0.6922
241,22,237,24,REZ. PULEMETCHIKI,30,8,8,0.5,0.141,35.57,0.2511,0.352,35.57,0.2511,0,0.2886,0.9619,False,0.3837,1.2791
242,51,303,97,GENDARMES DE L'AIR,35,8,8,0.5,0.149,32.38,0.2286,0.28,32.38,0.2286,0,0.2876,0.8218,False,0.3466,0.9902
243,280,165,174,ASSAULT PIONEERS (Carl.G),50,8,8,0.5,0.148,32.53,0.2297,0.465,38.27,0.2702,1.8,0.2874,0.5748,True,0.4383,0.8766
244,176,109,69,ASSAULT PIONEERS,45,8,8,0.5,0.148,32.53,0.2297,0.501,53.96,0.3809,0,0.2874,0.6387,True,0.4767,1.0593
245,417,166,381,PARAS,65,8,8,0.5,0.148,32.53,0.2297,0.465,38.27,0.2702,4.49,0.2874,0.4422,True,0.4383,0.6743
246,350,250,366,RIFLES,55,8,8,0.5,0.148,32.53,0.2297,0.344,32.53,0.2297,4.49,0.2874,0.5226,False,0.3756,0.6829
247,439,167,407,PARA. SCOUTS,70,8,8,0.5,0.148,32.53,0.2297,0.465,38.27,0.2702,2.39,0.2874,0.4106,True,0.4383,0.6261
248,177,338,302,MOTOSTRELKI MVD (SVD),45,8,8,0.5,0.143,34.07,0.2405,0.279,22.4,0.1581,1.57,0.2872,0.6383,False,0.3323,0.7385
249,107,251,127,CHASSEURS ARDENNAIS,40,8,8,0.5,0.147,32.24,0.2276,0.343,32.24,0.2276,2.02,0.2869,0.7172,False,0.3749,0.9372
250,109,277,158,GENDARMES MOBILES,40,8,8,0.5,0.147,32.14,0.2269,0.308,32.14,0.2269,0.82,0.2864,0.7161,False,0.359,0.8975
251,113,341,208,REZERVISTI (SVD),40,8,8,0.5,0.126,37.53,0.265,0.265,25.87,0.1826,2.51,0.2845,0.7113,False,0.3308,0.827
252,290,268,311,USMC AERO-RIFLEMEN,50,8,8,0.5,0.139,32.53,0.2297,0.322,32.53,0.2297,2.39,0.2833,0.5666,False,0.366,0.732
253,291,294,344,DESANT. MOR. RAZVEDKA,50,6,6,0.375,0.202,43.23,0.3052,0.329,50.86,0.3591,1.06,0.2833,0.5666,True,0.3512,0.7025
254,293,118,122,SAPERZY ZWIADOWCY,50,8,8,0.5,0.147,28.92,0.2042,0.5,49.71,0.351,0,0.2822,0.5644,True,0.4703,0.9406
255,60,346,141,GARDES REPUBLICAINS (FR-F1),35,8,8,0.5,0.131,34.07,0.2405,0.251,22.4,0.1581,0,0.2818,0.8053,False,0.3197,0.9136
256,469,270,466,SPETSRAZVEDKA,80,8,8,0.5,0.131,34.07,0.2405,0.34,26.35,0.186,3.92,0.2818,0.3523,True,0.3652,0.4566
257,422,302,440,FORCE RECON,65,5,6,0.375,0.172,51.52,0.3637,0.378,32.37,0.2286,3.49,0.2814,0.4329,True,0.3471,0.534
258,362,271,391,MECH. RECCE,55,8,8,0.5,0.136,31.83,0.2247,0.317,31.83,0.2247,1.8,0.2812,0.5113,False,0.3625,0.659
259,296,272,322,MECH. RIFLES,50,8,8,0.5,0.136,31.83,0.2247,0.317,31.83,0.2247,1.8,0.2812,0.5624,False,0.3625,0.7249
260,423,269,427,MARSOUINS ECLAIREURS,65,8,8,0.5,0.136,31.83,0.2247,0.322,32.3,0.228,4.72,0.2812,0.4326,False,0.3653,0.562
261,297,291,340,FUSILIERS,50,8,8,0.5,0.139,30.19,0.2131,0.299,30.19,0.2131,2.39,0.2801,0.5602,False,0.3522,0.7043
262,300,137,140,PIO.AUFK.-TAUCHER,50,8,8,0.5,0.138,29.07,0.2052,0.471,49.88,0.3521,0,0.2782,0.5563,True,0.4572,0.9144
263,366,201,280,DSh. (Metis),55,8,8,0.5,0.136,29.07,0.2052,0.427,34.2,0.2414,2.04,0.2771,0.5037,True,0.4154,0.7552
265,303,140,145,RAZVEDKA SAPERI,50,8,8,0.5,0.136,29.07,0.2052,0.463,49.88,0.3521,0,0.2771,0.5541,True,0.4537,0.9075
265,303,140,145,RAZVEDKA SAPERI,50,8,8,0.5,0.136,29.07,0.2052,0.463,49.88,0.3521,0,0.2771,0.5541,True,0.4537,0.9075
266,200,278,237,GVARDEITSY,45,8,8,0.5,0.136,29.07,0.2052,0.315,29.07,0.2052,1.83,0.2771,0.6157,False,0.358,0.7956
267,304,279,328,GVARDEITSY (Metis),50,8,8,0.5,0.136,29.07,0.2052,0.315,29.07,0.2052,2.04,0.2771,0.5541,False,0.358,0.716
268,201,280,238,MOTOSTRELKI,45,8,8,0.5,0.136,29.07,0.2052,0.315,29.07,0.2052,1.83,0.2771,0.6157,False,0.358,0.7956
269,202,281,239,MOTOSTRELKI (RPG-26),45,8,8,0.5,0.136,29.07,0.2052,0.315,29.07,0.2052,3.92,0.2771,0.6157,False,0.358,0.7956
271,306,283,330,MOTOSTRELKI (Metis),50,8,8,0.5,0.136,29.07,0.2052,0.315,29.07,0.2052,2.04,0.2771,0.5541,False,0.358,0.716
271,306,283,330,MOTOSTRELKI (Metis),50,8,8,0.5,0.136,29.07,0.2052,0.315,29.07,0.2052,2.04,0.2771,0.5541,False,0.358,0.716
272,121,311,191,TERRIERS ,40,8,8,0.5,0.137,28.62,0.202,0.278,28.62,0.202,2.39,0.2771,0.6928,False,0.3406,0.8515
273,186,141,85,PIONIER,40,8,8,0.5,0.135,28.92,0.2042,0.462,49.71,0.351,0,0.2768,0.692,True,0.4533,1.1332
275,125,143,46,SAPERI,40,8,8,0.5,0.135,28.92,0.2042,0.462,49.71,0.351,0,0.2768,0.692,True,0.4533,1.1332
275,125,143,46,SAPERI,40,8,8,0.5,0.135,28.92,0.2042,0.462,49.71,0.351,0,0.2768,0.692,True,0.4533,1.1332
276,203,144,87,SAPEURS- PARAS,45,8,8,0.5,0.135,28.92,0.2042,0.462,49.71,0.351,0,0.2768,0.6151,True,0.4533,1.0073
277,204,145,88,LEGION.-SAPEURS,45,8,8,0.5,0.135,28.92,0.2042,0.462,49.71,0.351,0,0.2768,0.6151,True,0.4533,1.0073
278,126,314,196,INFANTERI (PNÆV),40,8,8,0.5,0.136,28.77,0.2031,0.275,28.77,0.2031,2.39,0.2767,0.6918,False,0.3394,0.8484
279,67,131,17,REZ. SAPERI,35,8,8,0.5,0.132,29.07,0.2052,0.479,49.88,0.3521,0,0.2754,0.7869,True,0.4612,1.3176
280,133,289,170,GARDES REPUBLICAINS,40,8,8,0.5,0.132,28.92,0.2042,0.306,28.92,0.2042,0.82,0.275,0.6876,False,0.3535,0.8839
281,405,212,375,PARA-COMMANDO (RL),60,8,8,0.5,0.13,28.72,0.2027,0.409,33.78,0.2385,2.02,0.274,0.4566,True,0.4066,0.6776
282,314,213,229,PARA-COMMANDO,50,8,8,0.5,0.13,28.72,0.2027,0.409,33.78,0.2385,2.02,0.274,0.5479,True,0.4066,0.8131
283,70,329,118,MILITÄRSTREIFEN (l.MG),35,7,7,0.4375,0.16,34.27,0.2419,0.298,34.27,0.2419,0,0.2736,0.7819,False,0.3354,0.9583
284,138,286,164,MOTOSTRELKI MVD,40,8,8,0.5,0.137,25.6,0.1807,0.319,25.6,0.1807,2.02,0.2729,0.6822,False,0.3548,0.887
285,223,288,250,ALASKAN CAV. SCOUTS,45,8,8,0.5,0.122,29.91,0.2112,0.304,29.91,0.2112,0.95,0.2719,0.6043,False,0.3541,0.7869
286,227,347,336,PIECHOTA ZMECH. (SVD),45,7,7,0.4375,0.146,37.51,0.2648,0.287,25.84,0.1825,1.57,0.2717,0.6039,False,0.3188,0.7085
287,454,44,233,NIEB. BERETY SAPERZY (LPO-50),70,6,9,0.5625,0.103,19.2,0.1355,0.418,126.41,0.8924,0,0.2703,0.3861,True,0.5632,0.8046
288,232,191,129,INGENIØRER,45,8,8,0.5,0.127,26.82,0.1893,0.397,47.24,0.3335,2.39,0.2699,0.5997,True,0.4203,0.934
289,434,238,417,FALLSCHIRMJÄGER,65,8,8,0.5,0.127,26.82,0.1893,0.361,31.55,0.2228,5.57,0.2699,0.4152,True,0.3819,0.5875
290,327,332,386,FALLSCHIRM-RESERVISTEN,50,8,8,0.5,0.127,26.82,0.1893,0.267,26.82,0.1893,1.8,0.2699,0.5397,False,0.3329,0.6657
291,328,333,387,JINETES,50,8,8,0.5,0.127,26.82,0.1893,0.267,26.82,0.1893,4.78,0.2699,0.5397,False,0.3329,0.6657
292,233,334,299,FUSILEROS (BMR),45,8,8,0.5,0.127,26.82,0.1893,0.267,26.82,0.1893,4.78,0.2699,0.5997,False,0.3329,0.7397
293,234,335,300,PANSERINFANTERI,45,8,8,0.5,0.127,26.82,0.1893,0.267,26.82,0.1893,1.8,0.2699,0.5997,False,0.3329,0.7397
294,435,365,461,SEP/VLK,65,6,6,0.375,0.199,34.61,0.2444,0.284,35.17,0.2483,3.49,0.2698,0.4151,False,0.3086,0.4748
295,144,295,175,REZ. RAZVEDKA,40,8,8,0.5,0.119,29.07,0.2052,0.299,29.07,0.2052,1.46,0.2697,0.6743,False,0.3507,0.8766
296,81,296,93,REZERVISTI,35,8,8,0.5,0.119,29.07,0.2052,0.299,29.07,0.2052,1.46,0.2697,0.7706,False,0.3507,1.0019
297,409,273,414,DESANT. AFGANTSY,60,7,7,0.4375,0.139,37.8,0.2668,0.368,30.74,0.217,2.76,0.2692,0.4487,True,0.3621,0.6034
298,239,198,133,GENIE,45,8,8,0.5,0.125,26.52,0.1873,0.393,46.89,0.331,0.87,0.2689,0.5975,True,0.418,0.929
299,331,339,389,PANTSERVERKENNERS,50,8,8,0.5,0.125,26.52,0.1873,0.264,26.52,0.1873,1.8,0.2689,0.5378,False,0.3312,0.6623
300,385,245,361,TERRIERS PARAS (CarlG),55,8,8,0.5,0.125,26.52,0.1873,0.357,31.21,0.2203,1.8,0.2689,0.4889,True,0.3797,0.6903
301,332,246,274,TERRIERS PARAS,50,8,8,0.5,0.125,26.52,0.1873,0.357,31.21,0.2203,2.39,0.2689,0.5378,True,0.3797,0.7593
302,147,199,72,SAPEURS,40,8,8,0.5,0.125,26.52,0.1873,0.393,46.89,0.331,0,0.2689,0.6722,True,0.418,1.0451
303,468,350,476,ESR-GVP,75,5,6,0.375,0.155,46.94,0.3314,0.33,26.99,0.1905,2.95,0.2674,0.3565,True,0.3178,0.4237
304,87,312,105,ESCORTE PC,35,8,8,0.5,0.123,25.6,0.1807,0.287,25.6,0.1807,0,0.2667,0.762,False,0.3404,0.9726
305,154,285,161,MECH. FUSILIER ,40,7,7,0.4375,0.149,32.65,0.2305,0.347,32.65,0.2305,2.02,0.2664,0.6659,False,0.3554,0.8885
306,248,304,270,N.G. CAV. SCOUTS (DRAGON),45,8,8,0.5,0.115,27.76,0.196,0.289,27.76,0.196,1.3,0.2661,0.5913,False,0.344,0.7645
307,155,305,185,N.G. CAV. SCOUTS (LAW),40,8,8,0.5,0.115,27.76,0.196,0.289,27.76,0.196,2.17,0.2661,0.6652,False,0.344,0.8601
308,416,330,428,SHPz,60,6,6,0.375,0.182,37.19,0.2625,0.364,27.28,0.1926,3.49,0.2655,0.4425,True,0.3334,0.5556
309,365,147,202,PIONIER (Flam.),50,7,8,0.5,0.12,25.72,0.1816,0.409,64.87,0.458,0,0.2653,0.5307,True,0.4506,0.9013
310,391,148,216,SAPEURS-PARAS (Flam.),55,7,8,0.5,0.12,25.72,0.1816,0.409,64.87,0.458,0,0.2653,0.4824,True,0.4506,0.8193
311,392,149,217,LEGION.-SAPEURS (Flam.),55,7,8,0.5,0.12,25.72,0.1816,0.409,64.87,0.458,0,0.2653,0.4824,True,0.4506,0.8193
312,158,172,58,REZ. SAPERI (LPO),40,7,8,0.5,0.118,25.62,0.1808,0.374,64.74,0.4571,0,0.2643,0.6607,True,0.4349,1.0872
313,342,205,214,AIRBORNE GUNNERS,50,7,7,0.4375,0.144,32.37,0.2285,0.453,38.08,0.2688,2.39,0.2636,0.5272,True,0.4108,0.8216
314,259,206,142,DSh. PULEMETCHIKI,45,7,7,0.4375,0.144,32.37,0.2285,0.453,38.08,0.2688,2.39,0.2636,0.5858,True,0.4108,0.9129
315,260,297,255,GV. PULEMETCHIKI,45,7,7,0.4375,0.144,32.37,0.2285,0.335,32.37,0.2285,2.76,0.2636,0.5858,False,0.3495,0.7768
316,261,298,256,MOT.-SCHÜTZEN (s.MG),45,7,7,0.4375,0.144,32.37,0.2285,0.335,32.37,0.2285,2.39,0.2636,0.5858,False,0.3495,0.7768
318,263,300,258,PULEMETCHIKI,45,7,7,0.4375,0.144,32.37,0.2285,0.335,32.37,0.2285,2.76,0.2636,0.5858,False,0.3495,0.7768
318,263,300,258,PULEMETCHIKI,45,7,7,0.4375,0.144,32.37,0.2285,0.335,32.37,0.2285,2.76,0.2636,0.5858,False,0.3495,0.7768
319,264,301,259,GUNNERS,45,7,7,0.4375,0.144,32.37,0.2285,0.335,32.37,0.2285,2.39,0.2636,0.5858,False,0.3495,0.7768
320,344,207,215,DESANT. PULEMETCHIKI,50,7,7,0.4375,0.144,32.37,0.2285,0.453,38.08,0.2688,2.76,0.2636,0.5272,True,0.4108,0.8216
321,160,369,278,SEK,40,6,6,0.375,0.162,41.67,0.2942,0.271,35.29,0.2492,0,0.2632,0.658,True,0.3028,0.7571
322,93,221,47,HJV INGENIØRER,35,8,8,0.5,0.109,24.81,0.1752,0.35,44.87,0.3168,0.87,0.2592,0.7404,True,0.3957,1.1304
323,279,315,281,DSh. (RPG-7),45,7,7,0.4375,0.127,34.33,0.2424,0.33,26.67,0.1883,2.02,0.2589,0.5752,True,0.3391,0.7536
324,36,340,55,LIDOVÁ MILICE,30,8,8,0.5,0.109,24.1,0.1702,0.272,24.1,0.1702,1.81,0.2579,0.8596,False,0.3312,1.1041
325,354,219,235,KOMANDOSI,50,6,6,0.375,0.183,31.36,0.2214,0.481,37.55,0.2651,2.22,0.2577,0.5154,True,0.4005,0.801
326,166,320,201,WACH. PANZERJÄGER,40,6,6,0.375,0.168,36.0,0.2541,0.325,42.35,0.299,3.67,0.2577,0.6442,True,0.3372,0.8429
327,355,308,367,MOT. PRŮZKUMNÍCI,50,7,7,0.4375,0.141,29.05,0.205,0.327,29.05,0.205,1.57,0.2574,0.5148,False,0.3413,0.6826
328,169,309,189,MOTOSTŘELCI (RPG7),40,7,7,0.4375,0.141,29.05,0.205,0.327,29.05,0.205,1.57,0.2574,0.6435,False,0.3413,0.8532
329,170,310,190,MOTOSTŘELCI,40,7,7,0.4375,0.141,29.05,0.205,0.327,29.05,0.205,2.39,0.2574,0.6435,False,0.3413,0.8532
330,175,316,199,MECH. FUSILIER (RL-83),40,7,7,0.4375,0.137,29.33,0.2071,0.319,29.33,0.2071,1.29,0.2563,0.6407,False,0.3382,0.8454
331,288,317,283,MOT.-SCHÜTZEN,45,7,7,0.4375,0.137,29.33,0.2071,0.319,29.33,0.2071,2.02,0.2563,0.5695,False,0.3382,0.7515
332,356,318,377,MOT.-SCHÜTZEN (RPG-27),50,7,7,0.4375,0.137,29.33,0.2071,0.319,29.33,0.2071,4.55,0.2563,0.5126,False,0.3382,0.6763
333,179,331,206,ARM. RIFLES,40,7,7,0.4375,0.132,29.33,0.2071,0.308,29.33,0.2071,2.39,0.2541,0.6352,False,0.333,0.8326
334,182,381,325,MOTOSTRELKI MVD (BMP),40,7,7,0.4375,0.125,30.87,0.2179,0.239,19.2,0.1355,1.8,0.2531,0.6328,False,0.288,0.7199
335,102,225,50,DSh. SAPERI (Rys),35,5,5,0.3125,0.172,46.97,0.3316,0.46,55.25,0.3901,0,0.253,0.7229,True,0.3942,1.1264
336,185,231,104,GENIE PARACHUTISTE,40,6,6,0.375,0.156,36.63,0.2586,0.39,58.78,0.415,0,0.253,0.6324,True,0.3895,0.9738
337,462,364,471,URSN RAZV.,70,6,6,0.375,0.166,33.2,0.2344,0.325,22.59,0.1595,3.49,0.2528,0.3611,True,0.3093,0.4418
338,1,252,1,RESERVE PIONIER,15,6,6,0.375,0.156,36.0,0.2541,0.356,58.04,0.4097,0,0.2523,1.6819,True,0.3735,2.4901
339,47,417,227,DECKUNGSGRUPPE,30,6,6,0.375,0.13,42.68,0.3013,0.19,19.35,0.1366,0,0.2501,0.8338,False,0.2443,0.8142
340,191,342,213,GRENZER,40,7,7,0.4375,0.133,25.87,0.1826,0.309,25.87,0.1826,0,0.2495,0.6236,False,0.3288,0.822
341,308,345,333,USMC SECURITY,45,7,7,0.4375,0.115,30.87,0.2179,0.298,23.14,0.1633,3.82,0.2485,0.5522,True,0.3199,0.7109
342,379,343,396,ZMOT. ZWIAD,50,7,7,0.4375,0.13,25.72,0.1816,0.303,25.72,0.1816,1.57,0.2481,0.4962,False,0.3259,0.6517
343,197,344,226,PIECHOTA ZMECH.,40,7,7,0.4375,0.13,25.72,0.1816,0.303,25.72,0.1816,1.57,0.2481,0.6202,False,0.3259,0.8147
344,479,373,482,PARUSNIKI,75,6,6,0.375,0.153,33.2,0.2344,0.292,22.59,0.1595,5.47,0.2469,0.3291,True,0.2946,0.3929
345,381,374,416,WACH. AUFK.,50,6,6,0.375,0.153,33.2,0.2344,0.292,22.59,0.1595,4.03,0.2469,0.4937,True,0.2946,0.5893
346,319,348,337,MOT. AUFKLÄRER,45,7,7,0.4375,0.123,25.87,0.1826,0.285,25.87,0.1826,2.39,0.2448,0.5441,False,0.318,0.7067
347,209,349,240,SICHERUNGS,40,7,7,0.4375,0.123,25.87,0.1826,0.285,25.87,0.1826,2.39,0.2448,0.6121,False,0.318,0.7951
348,214,264,139,DSh. (RPG-16),40,7,7,0.4375,0.12,25.87,0.1826,0.378,30.43,0.2148,1.06,0.2437,0.6093,True,0.3663,0.9158
349,215,352,245,GVARDEITSY (BMP),40,7,7,0.4375,0.12,25.87,0.1826,0.28,25.87,0.1826,2.02,0.2437,0.6093,False,0.3155,0.7886
350,386,265,310,DSh. MOT. RAZVEDKA,50,7,7,0.4375,0.12,25.87,0.1826,0.378,30.43,0.2148,3.92,0.2437,0.4874,True,0.3663,0.7326
352,323,354,347,MOT. RAZVEDKA,45,7,7,0.4375,0.12,25.87,0.1826,0.28,25.87,0.1826,2.76,0.2437,0.5416,False,0.3155,0.701
352,323,354,347,MOT. RAZVEDKA,45,7,7,0.4375,0.12,25.87,0.1826,0.28,25.87,0.1826,2.76,0.2437,0.5416,False,0.3155,0.701
353,117,355,154,MOTOSTRELKI (RPG-22),35,7,7,0.4375,0.12,25.87,0.1826,0.28,25.87,0.1826,2.76,0.2437,0.6963,False,0.3155,0.9013
354,118,356,155,MOTOSTRELKI (RPG-7VS),35,7,7,0.4375,0.12,25.87,0.1826,0.28,25.87,0.1826,1.8,0.2437,0.6963,False,0.3155,0.9013
355,216,357,246,MOTOSTRELKI (BMP),40,7,7,0.4375,0.12,25.87,0.1826,0.28,25.87,0.1826,2.02,0.2437,0.6093,False,0.3155,0.7886
356,217,358,247,MOTOSTRELKI (RPG-27),40,7,7,0.4375,0.12,25.87,0.1826,0.28,25.87,0.1826,4.55,0.2437,0.6093,False,0.3155,0.7886
357,119,359,156,REZ. MOR. PEKHOTA,35,7,7,0.4375,0.12,25.87,0.1826,0.28,25.87,0.1826,2.39,0.2437,0.6963,False,0.3155,0.9013
358,415,266,385,DESANTNIKI (METIS),55,7,7,0.4375,0.12,25.87,0.1826,0.378,30.43,0.2148,2.04,0.2437,0.4431,True,0.3663,0.666
359,324,267,228,DESANTNIKI,45,7,7,0.4375,0.12,25.87,0.1826,0.378,30.43,0.2148,1.83,0.2437,0.5416,True,0.3663,0.814
360,326,362,353,USMC GUNNER,45,7,7,0.4375,0.116,26.71,0.1886,0.269,26.71,0.1886,2.39,0.2429,0.5399,False,0.312,0.6934
361,137,363,163,DRUZYNA PPANC.,35,7,7,0.4375,0.12,22.4,0.1581,0.279,22.4,0.1581,4.04,0.2388,0.6822,False,0.3104,0.887
362,243,275,157,DESANT. DRUZYNA PPANC.,40,7,7,0.4375,0.12,22.4,0.1581,0.378,26.35,0.186,4.04,0.2388,0.5969,True,0.3604,0.9009
363,244,383,348,RIFLES PATROL,40,6,7,0.4375,0.106,26.2,0.185,0.22,19.67,0.1388,2.39,0.2379,0.5947,False,0.28,0.7
364,246,377,313,PANTSERINFANTERIE,40,7,7,0.4375,0.111,23.67,0.1671,0.235,23.67,0.1671,1.8,0.2367,0.5917,False,0.2924,0.731
365,247,378,314,PANTSERINF. (DRAGON),40,7,7,0.4375,0.111,23.67,0.1671,0.235,23.67,0.1671,1.4,0.2367,0.5917,False,0.2924,0.731
366,143,379,205, PANTSERINF. (LAW),35,7,7,0.4375,0.111,23.67,0.1671,0.235,23.67,0.1671,2.39,0.2367,0.6762,False,0.2924,0.8354
367,5,396,16,VOPOS,20,6,6,0.375,0.14,30.0,0.2118,0.2,30.0,0.2118,0,0.2366,1.183,False,0.2636,1.318
368,352,370,390,GROUPE ANTICHAR,45,7,7,0.4375,0.108,22.4,0.1581,0.251,22.4,0.1581,9.43,0.2334,0.5186,False,0.2979,0.6619
384,151,402,192,TANK HUNTERS,35,7,7,0.4375,0.108,22.4,0.1581,0.251,22.4,0.1581,7.64,0.2334,0.6668,False,0.2979,0.8511
370,399,306,364,PARA. GROUPE ANTICHAR,50,7,7,0.4375,0.108,22.4,0.1581,0.34,26.35,0.186,9.43,0.2334,0.4667,True,0.3434,0.6867
371,269,372,290,PANZERJÄGER,40,7,7,0.4375,0.108,22.4,0.1581,0.251,22.4,0.1581,3.67,0.2334,0.5834,False,0.2979,0.7447
372,78,361,74,RESERVISTEN (S.MG),30,6,6,0.375,0.134,29.17,0.2059,0.311,29.17,0.2059,0,0.2326,0.7753,False,0.3124,1.0412
373,2,395,3,KURSANTY MVD,15,6,6,0.375,0.13,30.0,0.2118,0.2,30.0,0.2118,0,0.2321,1.5474,False,0.2636,1.7574
374,401,274,323,PARA. GUN GROUP,50,6,6,0.375,0.129,29.17,0.2059,0.405,34.31,0.2422,1.8,0.2303,0.4605,True,0.3617,0.7235
375,438,226,331,GRENZER (Flam.),55,6,7,0.4375,0.103,19.2,0.1355,0.355,57.2,0.4038,0,0.2265,0.4119,True,0.3937,0.7158
376,368,380,400,DESANTNIKI (BMD),45,6,6,0.375,0.112,31.13,0.2198,0.281,22.9,0.1617,2.02,0.2255,0.5011,True,0.2901,0.6446
377,376,376,395,DISMOUNT. TROOPERS,45,6,6,0.375,0.115,29.6,0.209,0.268,29.6,0.209,3.82,0.2249,0.4997,False,0.2937,0.6526
378,446,328,410,ECLAIREURS PARA-CMDO.,55,6,6,0.375,0.112,28.55,0.2015,0.351,33.59,0.2371,1.29,0.2218,0.4032,True,0.3367,0.6122
379,180,418,370,PZ.GRENADIER,35,6,6,0.375,0.107,29.91,0.2112,0.181,18.25,0.1288,1.72,0.2217,0.6334,False,0.2384,0.6813
380,100,421,279,HJV SPEJDERE,30,6,6,0.375,0.1,29.85,0.2108,0.156,18.19,0.1284,2.17,0.2184,0.728,False,0.227,0.7567
381,103,382,128,FIRE TEAM (LAW),30,6,6,0.375,0.108,26.13,0.1845,0.251,26.13,0.1845,2.39,0.2166,0.722,False,0.2809,0.9362
382,208,384,236,FIRE TEAM (AT-4),35,6,6,0.375,0.107,24.82,0.1752,0.249,24.82,0.1752,3.82,0.2145,0.613,False,0.2785,0.7959
383,333,385,350,FIRE TEAM (DRAGON),40,6,6,0.375,0.107,24.82,0.1752,0.249,24.82,0.1752,1.98,0.2145,0.5364,False,0.2785,0.6964
384,151,402,192,TANK HUNTERS,30,6,6,0.375,0.108,22.41,0.1582,0.217,22.41,0.1582,3.59,0.2114,0.7048,False,0.2608,0.8692
385,349,386,369,MARSOUINS INSTRUCT.,40,6,6,0.375,0.105,22.52,0.159,0.243,22.52,0.159,1.68,0.2101,0.5253,False,0.2725,0.6814
386,173,390,204,MOT. RIFLES,30,6,6,0.375,0.099,22.32,0.1575,0.23,22.32,0.1575,2.39,0.2073,0.6909,False,0.2663,0.8878
387,128,415,218,PANSERVÆRNSSKYTTER,30,6,6,0.375,0.102,21.05,0.1486,0.188,21.05,0.1486,3.59,0.2069,0.6898,False,0.2456,0.8188
388,129,387,152,N.G. FIRE TEAM (DRAGON),30,6,6,0.375,0.094,23.52,0.166,0.236,23.52,0.166,1.3,0.2069,0.6896,False,0.2706,0.9021
389,49,388,62,N.G. FIRE TEAM (LAW),25,6,6,0.375,0.094,23.52,0.166,0.236,23.52,0.166,2.17,0.2069,0.8276,False,0.2706,1.0825
390,253,392,275,CAV. TROOPERS (AT-4),35,6,6,0.375,0.1,21.36,0.1508,0.232,21.36,0.1508,3.82,0.2063,0.5893,False,0.2658,0.7593
391,254,393,276,CAV. TROOPERS (DRAGON),35,6,6,0.375,0.1,21.36,0.1508,0.232,21.36,0.1508,1.98,0.2063,0.5893,False,0.2658,0.7593
392,134,394,167,CAV. TROOPERS (LAW),30,6,6,0.375,0.1,21.36,0.1508,0.232,21.36,0.1508,2.39,0.2063,0.6875,False,0.2658,0.8859
393,404,404,421,ECLAIREURS PROV.,45,6,6,0.375,0.1,20.95,0.1479,0.213,20.95,0.1479,1.29,0.2058,0.4574,False,0.2565,0.5701
394,257,406,317,PZ.GRENADIER (CarlG),35,6,6,0.375,0.099,21.11,0.149,0.21,21.11,0.149,1.8,0.2054,0.587,False,0.2553,0.7295
395,265,391,273,PANCÉŘOVNÍCI,35,6,6,0.375,0.103,19.2,0.1355,0.239,19.2,0.1355,4.04,0.2047,0.5848,False,0.2661,0.7603
396,358,360,248,USMC ASSAULTMEN,40,4,4,0.25,0.155,33.63,0.2374,0.381,39.57,0.2793,2.13,0.2047,0.5118,True,0.315,0.7876
397,472,410,477,SPETSNAZ GRU (Stinger),60,4,4,0.25,0.182,24.7,0.1744,0.277,29.72,0.2098,6.47,0.2042,0.3403,True,0.254,0.4233
398,483,337,460,INZH. RAZVEDKA,70,6,6,0.375,0.093,19.2,0.1355,0.328,38.27,0.2702,1.57,0.2,0.2858,True,0.3327,0.4753
399,413,405,423,AT GROUP,45,6,6,0.375,0.093,19.2,0.1355,0.215,19.2,0.1355,8.98,0.2,0.4445,False,0.2553,0.5674
400,153,407,194,MOT. RIFLES (CarlG),30,6,6,0.375,0.093,19.2,0.1355,0.215,19.2,0.1355,1.8,0.2,0.6668,False,0.2553,0.8511
401,370,408,402,MOT. RIFLES (Eryx),40,6,6,0.375,0.093,19.2,0.1355,0.215,19.2,0.1355,3.12,0.2,0.5001,False,0.2553,0.6383
402,414,409,424,CAVALRY SCOUTS,45,6,6,0.375,0.093,19.2,0.1355,0.215,19.2,0.1355,1.98,0.2,0.4445,False,0.2553,0.5674
403,371,375,307,DESANT. ZWIADOWCY,40,6,6,0.375,0.093,19.2,0.1355,0.292,22.59,0.1595,1.8,0.2,0.5001,True,0.2943,0.7358
404,477,413,478,KCT VERKENNERS,60,4,4,0.25,0.157,28.8,0.2033,0.26,33.88,0.2392,3.49,0.199,0.3317,True,0.2522,0.4204
405,377,414,406,O.P. SPETSNAZ ,40,4,4,0.25,0.157,28.8,0.2033,0.26,33.88,0.2392,3.33,0.199,0.4975,True,0.2522,0.6306
406,17,424,56,B.G.S. STREIFE,20,5,5,0.3125,0.117,25.0,0.1765,0.167,25.0,0.1765,0,0.1972,0.9859,False,0.2197,1.0984
407,20,412,27,K.d.A. AUFKLÄRER,20,6,6,0.375,0.085,18.89,0.1333,0.213,18.89,0.1333,0,0.196,0.9802,False,0.2536,1.2682
408,164,423,295,TANKJAGERS,30,5,5,0.3125,0.112,23.71,0.1674,0.177,23.71,0.1674,3.59,0.1933,0.6442,False,0.2226,0.7419
409,165,419,261,PZ.VERNICHTUNGSGRUPPE,30,6,6,0.375,0.084,17.14,0.121,0.171,17.14,0.121,3.43,0.1933,0.6442,False,0.2326,0.7754
410,91,420,137,TAI,25,5,5,0.3125,0.107,21.6,0.1525,0.2,21.6,0.1525,0,0.1882,0.7529,False,0.2297,0.919
411,482,482,487,SEP/ELK,65,4,4,0.25,0.11,34.86,0.2461,0.075,7.42,0.0524,0,0.1863,0.2866,False,0.1319,0.203
412,4,428,10,REZ. OKHRANA,15,5,5,0.3125,0.092,21.58,0.1523,0.171,21.58,0.1523,0,0.1813,1.2086,False,0.217,1.4466
413,449,411,425,ROZP. SPECJALNE,45,4,4,0.25,0.129,22.71,0.1603,0.286,26.71,0.1886,2.86,0.1775,0.3946,True,0.2537,0.5639
414,250,366,78,DSh. SAPERI,30,5,5,0.3125,0.089,19.47,0.1374,0.317,38.59,0.2724,0,0.177,0.5901,True,0.3066,1.0219
415,251,367,79,MOR. SAPERI,30,5,5,0.3125,0.089,19.47,0.1374,0.317,38.59,0.2724,0,0.177,0.5901,True,0.3066,1.0219
416,252,368,80,DESANT. SAPERI,30,5,5,0.3125,0.089,19.47,0.1374,0.317,38.59,0.2724,0,0.177,0.5901,True,0.3066,1.0219
417,419,444,459,USAF SECURITY PATROL,40,4,4,0.25,0.132,20.59,0.1453,0.165,20.59,0.1453,0,0.1759,0.4396,False,0.1907,0.4767
418,372,397,287,AERO-FIRE TEAM (AT-4),35,5,5,0.3125,0.085,19.47,0.1374,0.267,22.9,0.1617,3.82,0.175,0.4999,True,0.2617,0.7477
419,420,398,393,AERO-FIRE TEAM (DRAGON),40,5,5,0.3125,0.085,19.47,0.1374,0.267,22.9,0.1617,1.98,0.175,0.4374,True,0.2617,0.6542
420,373,399,288,AB MP PATROL ,35,5,5,0.3125,0.085,19.47,0.1374,0.267,22.9,0.1617,0,0.175,0.4999,True,0.2617,0.7477
421,452,400,418,AB FIRE TEAM (DRAGON),45,5,5,0.3125,0.085,19.47,0.1374,0.267,22.9,0.1617,1.98,0.175,0.3888,True,0.2617,0.5815
422,421,401,394,AB FIRE TEAM (AT-4),40,5,5,0.3125,0.085,19.47,0.1374,0.267,22.9,0.1617,3.82,0.175,0.4374,True,0.2617,0.6542
423,275,422,291,MP PATROL,30,5,5,0.3125,0.084,18.16,0.1282,0.196,18.16,0.1282,0,0.1729,0.5764,False,0.2232,0.7441
424,424,389,384,DINOPS,40,4,4,0.25,0.112,24.0,0.1694,0.259,44.47,0.3139,0,0.1718,0.4295,True,0.2669,0.6671
425,38,439,108,FELDJÄGER,20,4,4,0.25,0.112,24.0,0.1694,0.16,24.0,0.1694,0,0.1718,0.8589,False,0.1934,0.9669
426,39,440,109,MILITÄRSTREIFEN,20,4,4,0.25,0.112,24.0,0.1694,0.16,24.0,0.1694,0,0.1718,0.8589,False,0.1934,0.9669
427,40,441,110,POLICIA MILITAR,20,4,4,0.25,0.112,24.0,0.1694,0.16,24.0,0.1694,0,0.1718,0.8589,False,0.1934,0.9669
428,41,442,111,MARECHAUSSEE,20,4,4,0.25,0.112,24.0,0.1694,0.16,24.0,0.1694,0,0.1718,0.8589,False,0.1934,0.9669
429,458,403,419,VÝS. PRŮZKUMNÍCI,45,4,4,0.25,0.121,19.35,0.1366,0.308,23.42,0.1653,3.49,0.1693,0.3763,True,0.2591,0.5759
430,473,416,455,AB MP PATROL (M67),50,5,5,0.3125,0.077,16.0,0.113,0.243,18.82,0.1329,1.06,0.1667,0.3334,True,0.2453,0.4905
431,460,429,462,MP PATROL (M67),45,5,5,0.3125,0.077,16.0,0.113,0.18,16.0,0.113,1.06,0.1667,0.3704,False,0.2128,0.4728
432,437,470,474,USMC L.A.I. SCOUTS,40,4,4,0.25,0.084,28.2,0.1991,0.143,16.53,0.1167,0,0.1651,0.4126,False,0.1751,0.4377
433,59,435,96,TERRIERS SCOUTS,20,4,4,0.25,0.099,21.09,0.1489,0.181,21.09,0.1489,0,0.1619,0.8097,False,0.1985,0.9927
434,450,431,443,GURKHA AT GROUP,40,4,4,0.25,0.092,19.23,0.1358,0.2,22.62,0.1597,8.98,0.1562,0.3905,True,0.2094,0.5234
435,71,458,146,TERRIERS AT GROUP,20,4,4,0.25,0.092,19.23,0.1358,0.148,19.23,0.1358,1.8,0.1562,0.7809,False,0.1811,0.9056
437,73,460,148,PRÉVÔTÉ,20,4,4,0.25,0.092,19.23,0.1358,0.148,19.23,0.1358,0,0.1562,0.7809,False,0.1811,0.9056
437,73,460,148,PRÉVÔTÉ,20,4,4,0.25,0.092,19.23,0.1358,0.148,19.23,0.1358,0,0.1562,0.7809,False,0.1811,0.9056
438,74,461,149,CFMP,20,4,4,0.25,0.092,19.23,0.1358,0.148,19.23,0.1358,0,0.1562,0.7809,False,0.1811,0.9056
439,75,462,150,MILITÆRPOLITI,20,4,4,0.25,0.092,19.23,0.1358,0.148,19.23,0.1358,0,0.1562,0.7809,False,0.1811,0.9056
440,79,453,126,RESERV. ECLAIREURS,20,4,4,0.25,0.084,20.94,0.1479,0.156,20.94,0.1479,0.97,0.1548,0.7738,False,0.1875,0.9374
441,418,437,426,ZWIADOWCY,35,4,4,0.25,0.09,18.92,0.1336,0.184,18.92,0.1336,1.57,0.1546,0.4417,False,0.1968,0.5623
442,360,433,368,GUN GROUP,30,4,4,0.25,0.086,19.45,0.1373,0.199,19.45,0.1373,2.39,0.1535,0.5117,False,0.2047,0.6822
443,90,436,100,TERRIERS GUN GROUP,20,4,4,0.25,0.083,18.76,0.1324,0.185,18.76,0.1324,0,0.1513,0.7563,False,0.1971,0.9854
444,369,351,70,MILITSIYA,30,4,5,0.3125,0.057,10.67,0.0753,0.321,45.39,0.3204,0,0.1502,0.5005,False,0.3177,1.059
445,478,447,479,ROZP. SPECJALNE (GSR),45,3,3,0.1875,0.118,21.6,0.1525,0.195,25.41,0.1794,2.74,0.1493,0.3317,True,0.1892,0.4204
446,380,478,453,CEWI,30,4,4,0.25,0.069,21.27,0.1501,0.108,9.6,0.0678,0,0.1485,0.495,False,0.1495,0.4984
447,256,457,315,RMP,25,4,4,0.25,0.078,17.05,0.1203,0.158,17.05,0.1203,0,0.1469,0.5875,False,0.1826,0.7304
448,433,443,429,PRŮZKUMNÍCI,35,4,4,0.25,0.079,16.12,0.1138,0.183,16.12,0.1138,2.39,0.1457,0.4164,False,0.1928,0.5509
449,389,445,403,PATROUILLES,30,4,4,0.25,0.076,16.27,0.1148,0.178,16.27,0.1148,2.02,0.1448,0.4827,False,0.1904,0.6345
464,447,463,450,AUFKLÄRER,35,4,4,0.25,0.076,16.27,0.1148,0.178,16.27,0.1148,2.39,0.1448,0.4137,False,0.1904,0.5439
451,481,448,480,SCOUTS (LAW-80),45,4,4,0.25,0.074,16.27,0.1148,0.172,16.27,0.1148,4.49,0.1437,0.3193,False,0.1878,0.4173
452,463,425,430,DSh. RAZVEDKA,40,4,4,0.25,0.074,16.27,0.1148,0.233,19.14,0.1351,2.76,0.1437,0.3593,True,0.2191,0.5479
453,464,449,463,MOR. RAZVEDKA,40,4,4,0.25,0.074,16.27,0.1148,0.172,16.27,0.1148,2.76,0.1437,0.3593,False,0.1878,0.4695
455,441,451,437,RAZVEDKA,35,4,4,0.25,0.074,16.27,0.1148,0.172,16.27,0.1148,2.76,0.1437,0.4106,False,0.1878,0.5366
455,441,451,437,RAZVEDKA,35,4,4,0.25,0.074,16.27,0.1148,0.172,16.27,0.1148,2.76,0.1437,0.4106,False,0.1878,0.5366
460,442,456,438,SCOUTS,35,4,4,0.25,0.074,16.27,0.1148,0.172,16.27,0.1148,2.39,0.1437,0.4106,False,0.1878,0.5366
457,465,426,431,DESANT. RAZVEDKA,40,4,4,0.25,0.074,16.27,0.1148,0.233,19.14,0.1351,2.76,0.1437,0.3593,True,0.2191,0.5479
480,480,477,483,ECLAIREURS,35,4,4,0.25,0.074,16.12,0.1138,0.171,16.12,0.1138,1.68,0.1434,0.4098,False,0.1874,0.5355
459,466,455,464,LEGION. ECLAIREURS,40,4,4,0.25,0.074,16.12,0.1138,0.171,16.12,0.1138,1.68,0.1434,0.3586,False,0.1874,0.4686
460,442,456,438,SCOUTS,25,4,4,0.25,0.074,16.12,0.1138,0.171,16.12,0.1138,0,0.1434,0.5737,False,0.1874,0.7497
461,467,427,432,PARA. ECLAIREURS,40,4,4,0.25,0.074,16.12,0.1138,0.232,18.97,0.1339,1.68,0.1434,0.3586,True,0.2187,0.5467
462,114,481,360,N.G. SCOUTS,20,4,4,0.25,0.058,20.24,0.1429,0.086,8.57,0.0605,0,0.142,0.7102,False,0.1382,0.6909
463,484,432,481,FALLSCHIRM. AUFK.,50,4,4,0.25,0.071,15.39,0.1086,0.206,18.11,0.1278,5.57,0.141,0.282,True,0.2058,0.4117
464,447,463,450,AUFKLÄRER,35,4,4,0.25,0.071,15.39,0.1086,0.152,15.39,0.1086,1.72,0.141,0.4029,False,0.1778,0.508
465,470,430,442,PATROUILLE PARA-CMDO.,40,4,4,0.25,0.068,15.92,0.1124,0.214,18.72,0.1322,2.02,0.1406,0.3515,True,0.2103,0.5259
466,471,468,472,VERKENNERS (AT),40,4,4,0.25,0.069,15.09,0.1066,0.149,15.09,0.1066,1.8,0.14,0.3501,False,0.1761,0.4402
467,448,469,451,VERKENNERS,35,4,4,0.25,0.069,15.09,0.1066,0.149,15.09,0.1066,2.39,0.14,0.4001,False,0.1761,0.5031
468,131,466,168,PATROUILLES PROV.,20,4,4,0.25,0.064,15.24,0.1076,0.151,15.24,0.1076,1.84,0.1377,0.6883,False,0.1772,0.8859
469,317,464,335,MOT. GRENZER,25,4,4,0.25,0.069,12.8,0.0904,0.16,12.8,0.0904,0,0.1364,0.5458,False,0.1774,0.7096
470,139,465,165,RAZVEDKA MVD,20,4,4,0.25,0.069,12.8,0.0904,0.16,12.8,0.0904,0,0.1364,0.6822,False,0.1774,0.887
471,140,467,169,ALASKAN SCOUTS,20,4,4,0.25,0.061,14.96,0.1056,0.152,14.96,0.1056,0,0.136,0.6799,False,0.1771,0.8853
472,474,438,456,AIRBORNE SCOUTS,40,4,4,0.25,0.062,12.8,0.0904,0.194,15.06,0.1063,3.82,0.1334,0.3334,True,0.1962,0.4905
473,456,471,457,MOR. OTDELENIE PODDERZHKI,35,4,4,0.25,0.062,12.8,0.0904,0.144,12.8,0.0904,2.36,0.1334,0.381,False,0.1702,0.4863
474,412,472,422,OTDELENIE PODDERZHKI,30,4,4,0.25,0.062,12.8,0.0904,0.144,12.8,0.0904,2.36,0.1334,0.4445,False,0.1702,0.5674
475,152,473,193,KOMENDATURA,20,4,4,0.25,0.062,12.8,0.0904,0.144,12.8,0.0904,0,0.1334,0.6668,False,0.1702,0.8511
476,475,434,452,PATHFINDERS,40,4,4,0.25,0.062,12.8,0.0904,0.201,15.61,0.1102,2.39,0.1334,0.3334,True,0.1999,0.4998
477,457,474,458,AERO-ECLAIREURS,35,4,4,0.25,0.062,12.8,0.0904,0.144,12.8,0.0904,0,0.1334,0.381,False,0.1702,0.4863
478,476,475,475,USMC RECON,40,4,4,0.25,0.062,12.8,0.0904,0.144,12.8,0.0904,3.82,0.1334,0.3334,False,0.1702,0.4255
479,168,476,263,RECONOCIMIENTO,20,4,4,0.25,0.056,11.43,0.0807,0.114,11.43,0.0807,0,0.1288,0.6442,False,0.1551,0.7754
480,480,477,483,ECLAIREURS,40,4,4,0.25,0.056,11.43,0.0807,0.114,11.43,0.0807,2.39,0.1288,0.3221,False,0.1551,0.3877
481,45,479,112,REZ. ZWIADOWCY,15,3,3,0.1875,0.078,18.0,0.1271,0.12,18.0,0.1271,1.6,0.1261,0.8409,False,0.145,0.9669
482,80,483,172,PRŮZ. L.M.,15,3,3,0.1875,0.065,15.0,0.1059,0.1,15.0,0.1059,1.81,0.1161,0.7737,False,0.1318,0.8787
483,461,480,465,SPEJDERE (DYKN),30,3,3,0.1875,0.057,12.53,0.0885,0.124,12.53,0.0885,1.8,0.1088,0.3627,False,0.139,0.4634
484,428,484,444,RECCE,25,3,3,0.1875,0.054,11.21,0.0791,0.109,11.21,0.0791,2.39,0.1057,0.4229,False,0.1304,0.5215
485,485,485,484,RECCE (GSR),40,3,3,0.1875,0.046,9.6,0.0678,0.108,9.6,0.0678,2.39,0.1,0.25,False,0.1277,0.3191
486,486,486,485,FUNKAUFKLÄRER,40,3,3,0.1875,0.046,9.6,0.0678,0.108,9.6,0.0678,0,0.1,0.25,False,0.1277,0.3191
487,487,487,486,RT RAZVEDKA,40,3,3,0.1875,0.046,9.6,0.0678,0.108,9.6,0.0678,2.39,0.1,0.25,False,0.1277,0.3191
