CombatRank,ValueRank,Unit,Cost,SmallArms,HP,NormalizedHP,EffectiveDPS,Suppression,NormalizedSuppression,ATScore,CombatScore,ValueScore
1,26,SAS 'G',90,12,12,0.75,0.792,102.96,0.8711,5.7,0.7931,0.0088
2,74,GREEN BERETS LDR.,100,12,12,0.75,0.784,79.58,0.6733,4.78,0.7498,0.0075
3,81,SPETSGRUPPA V,90,10,10,0.625,0.66,89.6,0.758,10.7,0.6672,0.0074
4,23,Alfa Group SOV,75,10,10,0.625,0.637,94.8,0.802,4.78,0.6657,0.0089
5,173,GREEN BERETS (ODA),100,14,14,0.875,0.488,72.24,0.6112,7.45,0.648,0.0065
6,37,ZÁLOŽNÍCI (T21),75,16,16,1.0,0.393,57.84,0.4894,4.48,0.6247,0.0083
7,112,LUFT.-GEBIRGSJÄGER,90,16,16,1.0,0.369,62.45,0.5283,2.6,0.6218,0.0069
8,27,DSh POGRANVOISKA KGB,70,12,11,0.6875,0.485,86.84,0.7347,3.99,0.606,0.0087
9,186,NAVY SEALS,90,9,9,0.5625,0.575,72.6,0.6142,7.45,0.5785,0.0064
10,164,MOR. PEKHOTA (PTS),85,14,14,0.875,0.348,60.2,0.5093,2.93,0.5649,0.0066
11,110,DSh. (RPG-22),80,14,14,0.875,0.348,51.73,0.4377,3.99,0.5505,0.0069
12,183,FALLSCHIRMJÄGER B1,85,8,8,0.5,0.534,73.98,0.6259,10.7,0.5406,0.0064
13,287,SAS,100,8,8,0.5,0.517,76.21,0.6448,7.45,0.5367,0.0054
14,44,RANGERS (DRAGON),65,9,9,0.5625,0.525,54.29,0.4593,2.99,0.525,0.0081
15,28,RANGERS (LAW),60,9,9,0.5625,0.525,54.29,0.4593,4.19,0.525,0.0087
16,170,AERO-RIFLES (AT-4),80,13,13,0.8125,0.323,52.0,0.4399,5.53,0.5179,0.0065
17,179,USMC RIFLEMEN (AT-4),80,13,13,0.8125,0.323,52.0,0.4399,5.53,0.5179,0.0065
18,225,USMC RIFLEMEN (Dragon),85,13,13,0.8125,0.323,52.0,0.4399,2.51,0.5179,0.0061
19,120,USMC RIFLEMEN (LAW),75,13,13,0.8125,0.323,52.0,0.4399,3.46,0.5179,0.0069
20,89,COMMANDO,70,11,11,0.6875,0.376,57.09,0.483,4.78,0.5062,0.0072
21,5,K.d.A. SCHÜTZEN.,45,14,14,0.875,0.28,40.22,0.3403,1.14,0.5005,0.0111
22,134,COMMANDO CMG,75,8,8,0.5,0.498,59.76,0.5056,4.78,0.5003,0.0067
23,316,AERO-SCOUTS (GSR),100,13,13,0.8125,0.291,50.07,0.4236,3.46,0.5,0.005
24,258,GURKHA RIFLES,85,12,12,0.75,0.321,48.8,0.4128,6.51,0.4896,0.0058
25,102,KSK,70,7,7,0.4375,0.489,68.0,0.5753,4.78,0.4883,0.007
26,24,REZERWISCI (SVD),55,12,12,0.75,0.299,53.51,0.4527,2.99,0.4874,0.0089
27,119,NIEBIESKIE BERETY,70,12,12,0.75,0.328,45.05,0.3811,2.28,0.4863,0.0069
28,2,R.A.F. BERLIN,40,12,12,0.75,0.313,45.76,0.3871,3.24,0.4806,0.012
29,88,VÝSADKÁŘI,65,10,10,0.625,0.398,46.37,0.3923,3.95,0.4765,0.0073
30,7,ZAPADORES (M65),45,9,9,0.5625,0.413,54.0,0.4569,2.44,0.4739,0.0105
31,19,REZERWISCI,50,12,12,0.75,0.288,41.72,0.353,2.16,0.4626,0.0093
32,156,AIRMOBILE TERRIERS,70,12,12,0.75,0.286,41.76,0.3533,2.6,0.4619,0.0066
33,366,AB ENGINEERS LDR.,115,12,12,0.75,0.286,41.72,0.353,3.46,0.4617,0.004
34,284,CRAP,85,10,10,0.625,0.34,52.55,0.4446,3.29,0.4609,0.0054
35,66,HJV FØRER,60,12,12,0.75,0.28,42.15,0.3566,1.62,0.4598,0.0077
36,67,MECH. CP ESCORT,60,11,11,0.6875,0.326,42.42,0.3588,2.6,0.4593,0.0077
389,379,PATHFINDERS,85,9,9,0.5625,0.388,50.51,0.4273,4.78,0.4567,0.0054
38,101,COMMANDOS,65,10,10,0.625,0.352,45.88,0.3881,3.29,0.4549,0.007
39,312,USMC ENGINEERS LDR.,90,12,12,0.75,0.274,40.56,0.3431,3.46,0.4544,0.005
40,21,PROVINCIAUX,50,12,12,0.75,0.267,41.91,0.3545,1.62,0.4537,0.0091
41,22,HJV,50,12,12,0.75,0.247,47.06,0.3981,3.24,0.4532,0.0091
42,372,AIRBORNE LDR.,115,12,12,0.75,0.275,38.87,0.3288,5.53,0.4519,0.0039
43,109,POHRANIČNÍCI,65,11,11,0.6875,0.286,46.99,0.3975,3.46,0.4488,0.0069
44,268,FORMOZA,80,6,6,0.375,0.422,75.2,0.6362,4.78,0.4482,0.0056
45,215,SPETSNAZ KOM.,70,7,7,0.4375,0.405,57.76,0.4887,7.58,0.4329,0.0062
334,309,MECH. RIFLES LDR.,75,11,11,0.6875,0.284,37.61,0.3182,2.6,0.432,0.0058
47,166,INFANTERIE CMG,65,10,10,0.625,0.311,41.61,0.352,3.46,0.4293,0.0066
48,283,COMMANDOS DE L'AIR,80,8,9,0.5625,0.296,58.46,0.4946,5.14,0.4291,0.0054
49,6,HJV RESERVISTER,40,12,12,0.75,0.233,35.12,0.2972,1.35,0.4269,0.0107
50,158,GEBIRGSJÄGER ,65,11,11,0.6875,0.247,44.2,0.374,2.48,0.4264,0.0066
51,178,REZ. DESANT. MOR. PEKHOTA,65,11,11,0.6875,0.264,38.67,0.3271,3.46,0.4247,0.0065
52,1,CONSCRITS,35,12,12,0.75,0.227,34.88,0.2951,0.95,0.4237,0.0121
53,106,PIECHOTA (SVD),60,10,10,0.625,0.276,47.11,0.3986,2.28,0.4226,0.007
54,32,FRØMÆND,50,6,6,0.375,0.422,59.2,0.5008,3.51,0.4212,0.0084
55,62,PSSE-B,55,6,6,0.375,0.422,59.2,0.5008,7.45,0.4212,0.0077
56,3,ZÁLOŽNÍCI,35,10,10,0.625,0.284,40.92,0.3462,3.24,0.416,0.0119
57,35,GENDARMES,50,10,10,0.625,0.284,40.09,0.3392,1.54,0.4145,0.0083
58,347,DESANT. SPETSRAZVEDKA,90,10,10,0.625,0.224,53.8,0.4552,3.99,0.4105,0.0046
59,133,MARINESICHERUNGS,60,11,11,0.6875,0.244,35.39,0.2994,2.6,0.4105,0.0068
60,9,RESERVISTES SAPEURS,40,10,10,0.625,0.24,45.57,0.3856,1.81,0.4039,0.0101
61,154,WACHSCHÜTZEN,60,10,10,0.625,0.245,43.93,0.3717,3.25,0.4033,0.0067
62,335,PARAS-MARINE (Eryx),85,10,10,0.625,0.241,43.79,0.3705,3.96,0.4014,0.0047
63,317,PARAS-MARINE,80,10,10,0.625,0.241,43.79,0.3705,6.83,0.4014,0.005
64,148,GREN.-VOLTIGEURS (FR-F1),60,10,10,0.625,0.241,43.79,0.3705,2.44,0.4014,0.0067
65,213,LEGIONNAIRES,65,10,10,0.625,0.241,43.79,0.3705,2.44,0.4014,0.0062
66,152,MARSOUINS,60,10,10,0.625,0.241,43.79,0.3705,2.44,0.4014,0.0067
67,211,BERLIN RIFLES,65,10,10,0.625,0.259,38.93,0.3294,6.51,0.4011,0.0062
68,45,SAPERZY,50,9,9,0.5625,0.281,45.46,0.3846,3.19,0.4003,0.008
69,145,NIEB. BERETY SAPERZY,60,9,9,0.5625,0.281,45.46,0.3846,2.28,0.4003,0.0067
70,47,VPB,50,10,10,0.625,0.267,35.47,0.3001,2.28,0.399,0.008
71,50,LIVGARDEN,50,10,10,0.625,0.259,36.44,0.3082,2.6,0.397,0.0079
72,4,RESERVISTES (LRAC),35,10,10,0.625,0.252,38.09,0.3223,1.81,0.3966,0.0113
73,157,DESANT. KOMANDOSI,60,8,8,0.5,0.331,42.68,0.3611,3.07,0.396,0.0066
74,10,RESERVE,40,10,10,0.625,0.247,38.14,0.3227,3.24,0.3944,0.0099
75,93,FUSILEROS (C90),55,11,11,0.6875,0.223,31.43,0.2659,6.92,0.3942,0.0072
76,233,GEB. AUFKLÄRER,65,10,10,0.625,0.226,41.34,0.3498,2.48,0.3905,0.006
77,100,URSN,55,8,8,0.5,0.305,44.87,0.3796,3.07,0.388,0.0071
78,187,CHASSEURS-PARAS,60,10,10,0.625,0.241,35.32,0.2988,2.44,0.387,0.0064
79,330,LÉGIONNAIRES-PARAS,80,10,10,0.625,0.241,35.32,0.2988,6.83,0.387,0.0048
80,189,GREN.-VOLTIGEURS (APILAS),60,10,10,0.625,0.241,35.32,0.2988,6.83,0.387,0.0064
81,190,AEROMOBILES,60,10,10,0.625,0.241,35.32,0.2988,6.83,0.387,0.0064
82,105,GRENADIER-VOLTIGEURS,55,10,10,0.625,0.241,35.32,0.2988,2.44,0.387,0.007
83,239,LEGIONNAIRES (APILAS),65,10,10,0.625,0.241,35.32,0.2988,6.83,0.387,0.006
84,192,MARSOUINS (APILAS),60,10,10,0.625,0.241,35.32,0.2988,6.83,0.387,0.0064
85,107,KULOMETČÍCI,55,9,9,0.5625,0.268,38.77,0.328,3.46,0.3832,0.007
86,31,PIONIERS (RL-83),45,9,9,0.5625,0.272,37.2,0.3147,1.86,0.3821,0.0085
87,252,AERO-SCOUTS,65,10,10,0.625,0.234,34.16,0.289,3.46,0.3818,0.0059
88,301,DELTA,75,5,6,0.375,0.336,58.53,0.4951,3.51,0.3815,0.0051
89,310,SPETSNAZ GRU,75,6,6,0.375,0.385,44.88,0.3797,5.51,0.3805,0.0051
90,16,RESERVISTES (FR-F1),40,10,10,0.625,0.202,41.05,0.3473,1.81,0.379,0.0095
91,193,AIRMOBILE PIONEERS,60,9,9,0.5625,0.254,39.05,0.3304,2.6,0.3772,0.0063
92,194,GREEN BERETS,60,6,6,0.375,0.391,41.26,0.3491,7.45,0.3768,0.0063
93,123,AIRMOBILE GUN GROUP,55,9,9,0.5625,0.253,38.77,0.328,3.46,0.3765,0.0068
94,200,SPADOCHRONIARZE (PKM),60,9,9,0.5625,0.253,38.77,0.328,3.19,0.3765,0.0063
95,77,JÆGERE,50,6,6,0.375,0.366,46.7,0.3951,4.78,0.3748,0.0075
96,334,LRS,80,6,6,0.375,0.366,46.7,0.3951,4.78,0.3748,0.0047
97,36,RESERVISTEN,45,9,9,0.5625,0.261,35.73,0.3023,2.28,0.3747,0.0083
98,124,PIONIER (CarlG),55,10,10,0.625,0.224,32.53,0.2753,2.6,0.3746,0.0068
99,207,PANSERSPEJDERE,60,10,10,0.625,0.224,32.53,0.2753,2.6,0.3746,0.0062
100,131,FUSILEROS (M65),55,10,10,0.625,0.224,32.53,0.2753,2.44,0.3746,0.0068
101,73,ENGINEERS (DRAGON),50,10,10,0.625,0.224,32.0,0.2707,1.77,0.3735,0.0075
102,204,ENGINEERS (M67),60,10,10,0.625,0.224,32.0,0.2707,1.35,0.3735,0.0062
103,205,Fs-EINSATZGRUPPE,60,8,8,0.5,0.294,39.04,0.3303,4.78,0.3732,0.0062
104,128,LIGHT RIFLES (LAW),55,9,9,0.5625,0.223,44.2,0.3739,3.46,0.3721,0.0068
105,326,RANGERS LDR.,75,5,6,0.375,0.342,50.82,0.4299,1.67,0.3709,0.0049
106,153,STŘELCI,55,9,9,0.5625,0.253,35.45,0.2999,2.93,0.3709,0.0067
107,203,DSh. KOM.,60,7,7,0.4375,0.321,43.13,0.3649,3.99,0.3707,0.0062
108,80,BEVEILIGING CMG,50,7,7,0.4375,0.318,42.67,0.361,1.73,0.3686,0.0074
109,222,LIGHT RIFLES (AT-4),60,9,9,0.5625,0.234,39.2,0.3316,5.53,0.3685,0.0061
110,261,LIGHT RIFLES (Dragon),65,9,9,0.5625,0.234,39.2,0.3316,2.51,0.3685,0.0057
111,262,LIGHT RIFLES (RCL),65,9,9,0.5625,0.234,39.2,0.3316,1.35,0.3685,0.0057
112,296,DESANT. ROZP. SPECJALNE,70,6,6,0.375,0.362,43.2,0.3655,3.95,0.3672,0.0052
113,328,SPEZIALAUFKLÄRER,75,6,6,0.375,0.336,50.0,0.423,4.78,0.3669,0.0049
114,273,RT SHPz,65,6,6,0.375,0.336,50.0,0.423,4.78,0.3669,0.0056
115,271,SPADOCHRONIARZE,65,9,9,0.5625,0.223,40.73,0.3446,2.28,0.3659,0.0056
116,86,N.G. ENGINEERS (M67),50,10,10,0.625,0.206,32.0,0.2707,1.24,0.3654,0.0073
117,343,FERNSPAHER,80,6,6,0.375,0.328,50.38,0.4262,4.78,0.364,0.0046
118,216,AIRMOBILE,60,9,9,0.5625,0.236,35.73,0.3023,6.51,0.3637,0.0061
119,155,MOT. AIRMOBILE,55,9,9,0.5625,0.236,35.73,0.3023,2.6,0.3637,0.0066
225,333,FALLSCHIRMJÄGER,65,8,8,0.5,0.288,34.88,0.2951,3.95,0.3637,0.0056
121,292,FALLSCHIRMJÄGER (Metis),70,8,8,0.5,0.288,34.88,0.2951,3.45,0.3637,0.0052
122,82,GUARDS (CarlG),50,9,9,0.5625,0.236,35.73,0.3023,2.6,0.3637,0.0073
308,351,GUARDS,45,9,9,0.5625,0.236,35.73,0.3023,3.46,0.3637,0.0081
124,160,LUFTSTURM-JÄGER,55,8,8,0.5,0.288,34.88,0.2951,3.95,0.3637,0.0066
125,223,LUFTSTURM-JÄGER (Metis),60,8,8,0.5,0.288,34.88,0.2951,3.45,0.3637,0.0061
318,87,MOT. RIFLES,50,9,9,0.5625,0.236,35.73,0.3023,2.6,0.3637,0.0073
127,299,DESANT. USILENNIE,70,9,9,0.5625,0.236,35.73,0.3023,6.92,0.3637,0.0052
128,267,AIRBORNE,65,9,9,0.5625,0.236,35.45,0.2999,5.53,0.363,0.0056
129,8,PRIZIVNIKI,35,9,10,0.625,0.196,32.72,0.2768,1.14,0.3625,0.0104
130,92,MECH. RIFLES (LAW),50,9,9,0.5625,0.23,35.59,0.3011,3.46,0.3604,0.0072
131,241,MECH. RIFLES (DRAGON),60,9,9,0.5625,0.23,35.59,0.3011,2.51,0.3604,0.006
132,94,PIECHOTA ,50,9,9,0.5625,0.239,32.12,0.2718,2.28,0.3586,0.0072
133,169,AERO-RIFLES,55,9,9,0.5625,0.223,35.73,0.3023,3.46,0.3577,0.0065
134,276,AERO-RIFLES (DRAGON),65,9,9,0.5625,0.223,35.73,0.3023,2.51,0.3577,0.0055
135,300,AIRBORNE (DRAGON),70,9,9,0.5625,0.223,35.73,0.3023,2.51,0.3577,0.0051
136,91,LIGHT RIFLES (VIPER),50,9,9,0.5625,0.223,35.73,0.3023,4.14,0.3577,0.0072
137,96,B.G.S.,50,9,9,0.5625,0.234,32.59,0.2757,2.44,0.3572,0.0071
138,245,FALLSCHIRMJÄGER (s.MG),60,7,7,0.4375,0.299,38.84,0.3286,4.78,0.3532,0.0059
139,288,AIRMOBILE SCOUTS,65,8,8,0.5,0.249,39.18,0.3314,3.46,0.3532,0.0054
140,180,AIR CAV. TROOPERS,55,9,9,0.5625,0.222,33.11,0.2802,3.46,0.3527,0.0064
141,108,INFANTERIE (LAW),50,9,9,0.5625,0.221,33.05,0.2796,3.46,0.3524,0.007
142,285,SPADOCHRONIARZE (METIS),65,9,9,0.5625,0.222,32.27,0.273,2.59,0.3516,0.0054
143,56,FUSILIER (RL-83),45,9,9,0.5625,0.222,32.27,0.273,1.86,0.3516,0.0078
144,25,FUSILIER ,40,9,9,0.5625,0.222,32.27,0.273,2.93,0.3516,0.0088
145,184,MOT.-SCHÜTZEN (Strela),55,8,8,0.5,0.221,45.2,0.3824,3.46,0.351,0.0064
146,104,MOR. PEKHOTA (RPG-22),50,9,9,0.5625,0.219,32.27,0.273,3.99,0.35,0.007
147,185,MORSKAYA PEKHOTA,55,9,9,0.5625,0.219,32.27,0.273,3.25,0.35,0.0064
148,257,DESANT. MOR. PEKHOTA,60,9,9,0.5625,0.219,32.27,0.273,2.28,0.35,0.0058
149,188,DESANT. OCHRONA,55,9,9,0.5625,0.219,32.27,0.273,3.19,0.35,0.0064
150,11,FR. POLIZEI-RESERVE,35,10,10,0.625,0.185,26.87,0.2273,1.04,0.3476,0.0099
151,202,MOTORISED SCOUTS,55,8,8,0.5,0.245,35.75,0.3024,2.6,0.3457,0.0063
152,60,INGENIØRER,45,8,8,0.5,0.226,40.15,0.3397,3.46,0.3447,0.0077
153,30,N.G. RIFLES (LAW),40,9,9,0.5625,0.204,33.11,0.2802,3.24,0.3447,0.0086
154,199,MOT.-SCHÜTZEN (SVD),55,8,8,0.5,0.221,41.0,0.3469,3.46,0.344,0.0063
155,69,GENIE,45,8,8,0.5,0.224,39.86,0.3372,1.54,0.3434,0.0076
156,12,RESERVISTES,35,9,9,0.5625,0.204,32.27,0.273,1.75,0.3432,0.0098
157,132,DESANT. MOR. RAZVEDKA,50,6,6,0.375,0.304,43.23,0.3658,1.35,0.3413,0.0068
158,291,AERO-RIFLES LDR.,65,9,9,0.5625,0.208,29.27,0.2476,3.46,0.3398,0.0052
159,212,VELITEL STŘELCŮ,55,8,8,0.5,0.247,31.67,0.2679,3.46,0.3398,0.0062
160,208,EXPLORADORES,55,9,9,0.5625,0.204,29.68,0.2511,2.44,0.3388,0.0062
161,209,JÄGER AUFKL.,55,9,9,0.5625,0.204,29.68,0.2511,2.48,0.3388,0.0062
162,126,JÄGER (CarlG),50,9,9,0.5625,0.204,29.68,0.2511,2.6,0.3388,0.0068
163,127,JÄGER (PzF),50,9,9,0.5625,0.204,29.68,0.2511,2.48,0.3388,0.0068
164,130,PZ.GRENADIER (M113),50,9,9,0.5625,0.204,29.68,0.2511,2.48,0.3388,0.0068
165,147,INFANTERIE,50,9,9,0.5625,0.202,29.38,0.2486,2.6,0.3375,0.0067
166,143,N.G. RIFLES (DRAGON),50,9,9,0.5625,0.195,30.96,0.2619,2.38,0.3368,0.0067
167,144,N.G. RIFLES (M67),50,9,9,0.5625,0.195,30.96,0.2619,1.24,0.3368,0.0067
168,33,INFANTERI,40,8,8,0.5,0.236,32.67,0.2764,2.6,0.3365,0.0084
169,14,HJV INGENIØRER,35,8,8,0.5,0.208,38.14,0.3227,1.62,0.333,0.0095
170,15,NATRES,35,9,9,0.5625,0.19,29.53,0.2498,3.24,0.3325,0.0095
171,34,HEIMAT-JÄGER,40,9,9,0.5625,0.189,29.68,0.2511,2.47,0.3322,0.0083
172,79,HEIMAT-AUFKLÄRER,45,9,9,0.5625,0.189,29.68,0.2511,2.37,0.3322,0.0074
173,240,MECH. RIFLES (C6),55,8,8,0.5,0.215,35.15,0.2974,2.6,0.3311,0.006
174,305,SEP/VLK,65,6,6,0.375,0.311,35.17,0.2976,4.78,0.3308,0.0051
175,163,MOT.-SCHÜTZEN (BTR),50,8,8,0.5,0.221,32.53,0.2752,2.93,0.3296,0.0066
176,235,MOT.-SCHÜTZEN (Metis),55,8,8,0.5,0.221,32.53,0.2752,2.59,0.3296,0.006
177,237,RES. PARA-COMMANDO,55,8,8,0.5,0.221,32.53,0.2752,2.93,0.3296,0.006
401,390,ECLAIREURS,55,8,8,0.5,0.221,32.53,0.2752,1.86,0.3296,0.006
179,39,GENDARMES MOBILES,40,8,8,0.5,0.221,32.14,0.2719,1.45,0.329,0.0082
180,236,PANZERMATROSEN,55,8,8,0.5,0.2,37.53,0.3175,3.25,0.3286,0.006
181,174,GVARDEITSY (SVD),50,8,8,0.5,0.197,37.53,0.3175,3.99,0.327,0.0065
182,171,CHASSEURS,50,8,8,0.5,0.196,37.39,0.3163,2.44,0.3266,0.0065
183,175,SPAHIS,50,8,8,0.5,0.196,37.39,0.3163,2.44,0.3266,0.0065
184,315,HUSSARDS-PARA.,65,8,8,0.5,0.196,37.39,0.3163,6.83,0.3266,0.005
185,248,POGRANVOISKA KGB,55,8,8,0.5,0.196,37.39,0.3163,3.99,0.3266,0.0059
186,172,ASSAULT PIONEERS (Carl.G),50,8,8,0.5,0.214,32.53,0.2752,2.6,0.3264,0.0065
187,318,PARAS,65,8,8,0.5,0.214,32.53,0.2752,6.51,0.3264,0.005
188,249,RIFLES,55,8,8,0.5,0.214,32.53,0.2752,6.51,0.3264,0.0059
189,338,PARA. SCOUTS,70,8,8,0.5,0.214,32.53,0.2752,3.46,0.3264,0.0047
190,41,CHASSEURS ARDENNAIS,40,8,8,0.5,0.214,32.24,0.2728,2.93,0.3257,0.0081
191,250,PIECHOTA DOW.,55,8,8,0.5,0.203,34.53,0.2922,3.19,0.3247,0.0059
192,329,MARSOUINS ECLAIREURS,65,8,8,0.5,0.204,32.3,0.2733,6.83,0.3213,0.0049
193,98,MOTOSTRELKI MVD (SVD),45,8,8,0.5,0.196,34.07,0.2882,2.28,0.321,0.0071
194,181,USMC AERO-RIFLEMEN,50,8,8,0.5,0.201,32.53,0.2752,3.46,0.3204,0.0064
195,394,CMDT FUSILIERS,105,6,6,0.375,0.281,36.47,0.3085,2.6,0.3196,0.003
196,46,REZERVISTI (SVD),40,8,8,0.5,0.18,37.53,0.3175,3.74,0.3193,0.008
197,325,FORCE RECON,65,5,6,0.375,0.222,51.52,0.4359,4.78,0.3182,0.0049
198,255,MECH. RECCE,55,8,8,0.5,0.197,31.83,0.2693,2.6,0.3176,0.0058
199,191,MECH. RIFLES,50,8,8,0.5,0.197,31.83,0.2693,2.6,0.3176,0.0064
200,196,FUSILIERS,50,8,8,0.5,0.201,30.19,0.2554,3.46,0.3166,0.0063
201,49,WACH. PANZERJÄGER,40,6,6,0.375,0.275,36.0,0.3046,6.51,0.3159,0.0079
202,201,RESERVE LDR.,50,8,8,0.5,0.197,30.43,0.2574,2.47,0.3152,0.0063
203,55,TERRIERS ,40,8,8,0.5,0.203,28.62,0.2421,3.46,0.3148,0.0079
204,54,INFANTERI (PNÆV),40,8,8,0.5,0.201,28.77,0.2434,3.46,0.3141,0.0079
205,376,SPETSRAZVEDKA,80,8,8,0.5,0.179,34.07,0.2882,5.68,0.3132,0.0039
206,260,DSh. (Metis),55,8,8,0.5,0.196,29.07,0.2459,2.59,0.3126,0.0057
207,113,GVARDEITSY,45,8,8,0.5,0.196,29.07,0.2459,3.25,0.3126,0.0069
208,195,GVARDEITSY (Metis),50,8,8,0.5,0.196,29.07,0.2459,2.59,0.3126,0.0063
209,115,MOTOSTRELKI,45,8,8,0.5,0.196,29.07,0.2459,3.25,0.3126,0.0069
210,116,MOTOSTRELKI (RPG-26),45,8,8,0.5,0.196,29.07,0.2459,5.68,0.3126,0.0069
212,198,MOTOSTRELKI (Metis),50,8,8,0.5,0.196,29.07,0.2459,2.59,0.3126,0.0063
212,198,MOTOSTRELKI (Metis),50,8,8,0.5,0.196,29.07,0.2459,2.59,0.3126,0.0063
213,264,DOW. NIEBIESKIE BERETY,55,8,8,0.5,0.205,26.07,0.2205,3.19,0.3114,0.0057
214,61,GARDES REPUBLICAINS,40,8,8,0.5,0.191,28.92,0.2447,1.45,0.3097,0.0077
215,308,PARA-COMMANDO (RL),60,8,8,0.5,0.188,28.72,0.2429,2.93,0.3082,0.0051
216,210,PARA-COMMANDO,50,8,8,0.5,0.188,28.72,0.2429,2.93,0.3082,0.0062
217,125,ALASKAN CAV. SCOUTS,45,8,8,0.5,0.183,29.91,0.2531,1.24,0.3081,0.0068
218,65,MOTOSTRELKI MVD,40,8,8,0.5,0.199,25.6,0.2166,2.93,0.3078,0.0077
219,129,PIECHOTA ZMECH. (SVD),45,7,7,0.4375,0.201,37.51,0.3174,2.28,0.3072,0.0068
220,72,MECH. FUSILIER ,40,7,7,0.4375,0.216,32.65,0.2763,2.93,0.3056,0.0076
221,70,REZ. RAZVEDKA,40,8,8,0.5,0.18,29.07,0.2459,2.16,0.3052,0.0076
222,29,REZERVISTI,35,8,8,0.5,0.18,29.07,0.2459,2.16,0.3052,0.0087
223,224,REZERVISTI KOM.,50,8,8,0.5,0.18,28.92,0.2447,2.16,0.3051,0.0061
224,311,DESANT. AFGANTSY,60,7,7,0.4375,0.192,37.8,0.3198,3.99,0.3034,0.0051
225,333,FALLSCHIRMJÄGER,65,8,8,0.5,0.184,26.82,0.2269,8.08,0.303,0.0047
226,217,FALLSCHIRM-RESERVISTEN,50,8,8,0.5,0.184,26.82,0.2269,2.6,0.303,0.0061
227,219,JINETES,50,8,8,0.5,0.184,26.82,0.2269,6.92,0.303,0.0061
228,146,FUSILEROS (BMR),45,8,8,0.5,0.184,26.82,0.2269,6.92,0.303,0.0067
229,150,PANSERINFANTERI,45,8,8,0.5,0.184,26.82,0.2269,2.6,0.303,0.0067
230,395,CMDT PARA-CMDO.,100,8,8,0.5,0.185,26.07,0.2205,2.93,0.3025,0.003
231,231,AIRBORNE GUNNERS,50,7,7,0.4375,0.209,32.37,0.2738,3.46,0.3018,0.006
232,135,DSh. PULEMETCHIKI,45,7,7,0.4375,0.209,32.37,0.2738,3.46,0.3018,0.0067
233,137,GV. PULEMETCHIKI,45,7,7,0.4375,0.209,32.37,0.2738,3.99,0.3018,0.0067
234,140,MOT.-SCHÜTZEN (s.MG),45,7,7,0.4375,0.209,32.37,0.2738,3.46,0.3018,0.0067
236,142,PULEMETCHIKI,45,7,7,0.4375,0.209,32.37,0.2738,3.99,0.3018,0.0067
236,142,PULEMETCHIKI,45,7,7,0.4375,0.209,32.37,0.2738,3.99,0.3018,0.0067
237,149,GUNNERS,45,7,7,0.4375,0.209,32.37,0.2738,3.46,0.3018,0.0067
238,243,DESANT. PULEMETCHIKI,50,7,7,0.4375,0.209,32.37,0.2738,3.99,0.3018,0.006
239,234,PANTSERVERKENNERS,50,8,8,0.5,0.182,26.52,0.2244,2.6,0.3017,0.006
240,279,TERRIERS PARAS (CarlG),55,8,8,0.5,0.182,26.52,0.2244,2.6,0.3017,0.0055
241,238,TERRIERS PARAS,50,8,8,0.5,0.182,26.52,0.2244,3.46,0.3017,0.006
242,321,SPETSNAZ GRU (Stinger),60,4,4,0.25,0.289,49.26,0.4168,10.7,0.301,0.005
243,367,ESR-GVP,75,5,6,0.375,0.2,46.94,0.3971,4.04,0.3008,0.004
244,138,N.G. CAV. SCOUTS (DRAGON),45,8,8,0.5,0.174,27.76,0.2348,1.67,0.3002,0.0067
245,76,N.G. CAV. SCOUTS (LAW),40,8,8,0.5,0.174,27.76,0.2348,3.24,0.3002,0.0075
246,232,KOMANDOSI,50,6,6,0.375,0.254,31.92,0.27,3.07,0.2996,0.006
247,320,SHPz,60,6,6,0.375,0.233,37.19,0.3146,4.78,0.2992,0.005
248,247,MOT. PRŮZKUMNÍCI,50,7,7,0.4375,0.204,29.05,0.2457,2.28,0.2939,0.0059
249,84,MOTOSTŘELCI (RPG7),40,7,7,0.4375,0.204,29.05,0.2457,2.28,0.2939,0.0073
250,85,MOTOSTŘELCI,40,7,7,0.4375,0.204,29.05,0.2457,3.46,0.2939,0.0073
251,83,MECH. FUSILIER (RL-83),40,7,7,0.4375,0.199,29.33,0.2482,1.86,0.2922,0.0073
252,176,MOT.-SCHÜTZEN,45,7,7,0.4375,0.199,29.33,0.2482,2.93,0.2922,0.0065
253,256,MOT.-SCHÜTZEN (RPG-27),50,7,7,0.4375,0.199,29.33,0.2482,8.08,0.2922,0.0058
254,182,DSh. (RPG-7),45,7,7,0.4375,0.174,34.33,0.2905,2.93,0.2896,0.0064
255,13,LIDOVÁ MILICE,30,8,8,0.5,0.164,24.1,0.2039,2.7,0.2895,0.0096
256,95,ARM. RIFLES,40,7,7,0.4375,0.192,29.33,0.2482,3.46,0.289,0.0072
257,371,URSN RAZV.,70,6,6,0.375,0.212,33.2,0.2809,4.78,0.2829,0.004
258,97,MOTOSTRELKI MVD (BMP),40,7,7,0.4375,0.172,30.87,0.2611,2.6,0.2826,0.0071
259,270,ZMOT. ZWIAD,50,7,7,0.4375,0.189,25.72,0.2176,2.28,0.2816,0.0056
260,103,PIECHOTA ZMECH.,40,7,7,0.4375,0.189,25.72,0.2176,2.28,0.2816,0.007
261,214,USMC SECURITY,45,7,7,0.4375,0.163,31.33,0.2651,5.53,0.2795,0.0062
262,206,MOT. AUFKLÄRER,45,7,7,0.4375,0.178,25.87,0.2188,3.46,0.2768,0.0062
263,122,SICHERUNGS,40,7,7,0.4375,0.178,25.87,0.2188,3.46,0.2768,0.0069
264,111,DSh. (RPG-16),40,7,7,0.4375,0.174,25.87,0.2188,1.35,0.2752,0.0069
265,114,GVARDEITSY (BMP),40,7,7,0.4375,0.174,25.87,0.2188,2.93,0.2752,0.0069
266,277,DSh. MOT. RAZVEDKA,50,7,7,0.4375,0.174,25.87,0.2188,5.68,0.2752,0.0055
268,221,MOT. RAZVEDKA,45,7,7,0.4375,0.174,25.87,0.2188,3.99,0.2752,0.0061
268,221,MOT. RAZVEDKA,45,7,7,0.4375,0.174,25.87,0.2188,3.99,0.2752,0.0061
269,51,MOTOSTRELKI (RPG-22),35,7,7,0.4375,0.174,25.87,0.2188,3.99,0.2752,0.0079
270,52,MOTOSTRELKI (RPG-7VS),35,7,7,0.4375,0.174,25.87,0.2188,2.6,0.2752,0.0079
271,117,MOTOSTRELKI (BMP),40,7,7,0.4375,0.174,25.87,0.2188,2.93,0.2752,0.0069
272,118,MOTOSTRELKI (RPG-27),40,7,7,0.4375,0.174,25.87,0.2188,8.08,0.2752,0.0069
273,53,REZ. MOR. PEKHOTA,35,7,7,0.4375,0.174,25.87,0.2188,3.46,0.2752,0.0079
274,322,DESANTNIKI (METIS),55,7,7,0.4375,0.174,25.87,0.2188,2.59,0.2752,0.005
275,230,DESANTNIKI,45,7,7,0.4375,0.174,25.87,0.2188,3.25,0.2752,0.0061
276,386,PARUSNIKI,75,6,6,0.375,0.194,33.2,0.2809,7.58,0.2749,0.0037
277,282,WACH. AUFK.,50,6,6,0.375,0.194,33.2,0.2809,5.51,0.2749,0.0055
278,226,USMC GUNNER,45,7,7,0.4375,0.168,26.71,0.226,3.46,0.2738,0.0061
279,278,DOW. PIECHOTA ZMECH.,50,7,7,0.4375,0.18,22.87,0.1935,3.19,0.2729,0.0055
280,349,VELITEL VÝSADKÁŘŮ,60,6,6,0.375,0.222,23.6,0.1997,3.95,0.2711,0.0045
281,64,DRUZYNA PPANC.,35,7,7,0.4375,0.174,22.4,0.1895,5.86,0.2693,0.0077
282,136,DESANT. DRUZYNA PPANC.,40,7,7,0.4375,0.174,22.4,0.1895,5.86,0.2693,0.0067
283,151,RIFLES PATROL,40,6,7,0.4375,0.154,26.67,0.2256,3.46,0.2676,0.0067
284,377,INZH. RAZVEDKA,70,6,6,0.375,0.177,32.53,0.2752,2.28,0.2659,0.0038
285,161,PANTSERINFANTERIE,40,7,7,0.4375,0.161,23.67,0.2002,2.6,0.2658,0.0066
286,162,PANTSERINF. (DRAGON),40,7,7,0.4375,0.161,23.67,0.2002,1.77,0.2658,0.0066
287,71, PANTSERINF. (LAW),35,7,7,0.4375,0.161,23.67,0.2002,3.46,0.2658,0.0076
288,290,CMDT FUSILIER ,50,7,7,0.4375,0.163,22.87,0.1935,2.93,0.2651,0.0053
289,289,PARA. GUN GROUP,50,6,6,0.375,0.186,29.17,0.2468,2.6,0.2644,0.0053
392,382,PIONIER FÜH.,45,5,5,0.3125,0.229,30.0,0.2538,2.6,0.2633,0.0059
291,254,GROUPE ANTICHAR,45,7,7,0.4375,0.157,22.4,0.1895,13.67,0.2615,0.0058
305,75,TANK HUNTERS,35,7,7,0.4375,0.157,22.4,0.1895,11.06,0.2615,0.0075
293,293,PARA. GROUPE ANTICHAR,50,7,7,0.4375,0.157,22.4,0.1895,13.67,0.2615,0.0052
294,177,PANZERJÄGER,40,7,7,0.4375,0.157,22.4,0.1895,6.51,0.2615,0.0065
295,265,DISMOUNT. TROOPERS,45,6,6,0.375,0.167,29.6,0.2504,5.53,0.2564,0.0057
296,344,ECLAIREURS PARA-CMDO.,55,6,6,0.375,0.162,28.55,0.2415,1.86,0.2523,0.0046
297,275,DESANTNIKI (BMD),45,6,6,0.375,0.152,31.13,0.2634,2.93,0.2523,0.0056
298,38,HJV SPEJDERE,30,6,6,0.375,0.149,29.85,0.2526,3.24,0.2486,0.0083
299,99,PZ.GRENADIER,35,6,6,0.375,0.145,29.91,0.2531,2.48,0.2472,0.0071
300,40,FIRE TEAM (LAW),30,6,6,0.375,0.156,26.13,0.2211,3.46,0.2457,0.0082
301,218,USMC ASSAULTMEN,40,4,4,0.25,0.225,33.63,0.2845,3.09,0.2454,0.0061
302,327,MOT. RIFLES LDR.,50,6,6,0.375,0.172,21.61,0.1829,2.6,0.2453,0.0049
303,360,KCT VERKENNERS,60,4,4,0.25,0.241,28.8,0.2437,4.78,0.2448,0.0041
304,229,O.P. SPETSNAZ ,40,4,4,0.25,0.241,28.8,0.2437,4.6,0.2448,0.0061
305,75,TANK HUNTERS,30,6,6,0.375,0.165,22.41,0.1896,5.21,0.2434,0.0081
306,121,FIRE TEAM (AT-4),35,6,6,0.375,0.155,24.82,0.21,5.53,0.2432,0.0069
307,228,FIRE TEAM (DRAGON),40,6,6,0.375,0.155,24.82,0.21,2.51,0.2432,0.0061
308,351,GUARDS,55,6,6,0.375,0.158,22.99,0.1945,3.46,0.2412,0.0044
309,397,PARA. LDR.,100,6,6,0.375,0.158,22.99,0.1945,3.46,0.2412,0.0024
310,331,RIFLES LDR.,50,6,6,0.375,0.158,22.99,0.1945,3.46,0.2412,0.0048
311,368,GURKHA RIFLES LDR.,60,6,6,0.375,0.158,22.99,0.1945,3.46,0.2412,0.004
312,251,MARSOUINS INSTRUCT.,40,6,6,0.375,0.152,22.52,0.1905,2.44,0.2376,0.0059
313,48,PANSERVÆRNSSKYTTER,30,6,6,0.375,0.157,21.05,0.178,5.21,0.2374,0.0079
314,253,TERRIERS LDR.,40,6,6,0.375,0.157,21.05,0.178,3.46,0.2374,0.0059
315,58,N.G. FIRE TEAM (DRAGON),30,6,6,0.375,0.142,23.52,0.1989,1.67,0.235,0.0078
316,18,N.G. FIRE TEAM (LAW),25,6,6,0.375,0.142,23.52,0.1989,3.24,0.235,0.0094
317,139,VELITEL L.M.,35,5,5,0.3125,0.183,25.0,0.2115,1.03,0.2342,0.0067
318,87,MOT. RIFLES,30,6,6,0.375,0.143,22.32,0.1888,3.46,0.2335,0.0078
319,295,N.G. ENGINEERS LDR.,45,6,6,0.375,0.123,27.67,0.2341,3.24,0.2333,0.0052
320,167,CAV. TROOPERS (AT-4),35,6,6,0.375,0.144,21.36,0.1807,5.53,0.2324,0.0066
321,168,CAV. TROOPERS (DRAGON),35,6,6,0.375,0.144,21.36,0.1807,2.51,0.2324,0.0066
322,68,CAV. TROOPERS (LAW),30,6,6,0.375,0.144,21.36,0.1807,3.46,0.2324,0.0077
323,298,ECLAIREURS PROV.,45,6,6,0.375,0.145,20.95,0.1773,1.86,0.2319,0.0052
324,165,PZ.GRENADIER (CarlG),35,6,6,0.375,0.143,21.11,0.1786,2.6,0.2313,0.0066
325,302,DOW. SAPERZY,45,6,6,0.375,0.149,19.2,0.1624,3.19,0.2308,0.0051
326,303,VELITEL ŽENISTŮ,45,6,6,0.375,0.149,19.2,0.1624,2.28,0.2308,0.0051
327,304,MARINEPIONIER FÜH.,45,6,6,0.375,0.149,19.2,0.1624,2.28,0.2308,0.0051
328,159,PANCÉŘOVNÍCI,35,6,6,0.375,0.149,19.2,0.1624,5.86,0.2308,0.0066
329,63,TANKJAGERS,30,5,5,0.3125,0.178,23.71,0.2006,5.21,0.2296,0.0077
330,306,LIGHT RIFLES LDR.,45,6,6,0.375,0.141,19.67,0.1664,3.46,0.2278,0.0051
331,307,CMDT MECH. FUSILIER ,45,6,6,0.375,0.141,19.67,0.1664,2.93,0.2278,0.0051
332,398,DESANT. MOR. KOMROTI,100,6,6,0.375,0.141,19.67,0.1664,2.28,0.2278,0.0023
333,399,DOW. SPADOCHRONIARZE,100,6,6,0.375,0.141,19.67,0.1664,2.28,0.2278,0.0023
334,309,MECH. RIFLES LDR.,45,6,6,0.375,0.141,19.67,0.1664,3.46,0.2278,0.0051
335,263,N.G. RIFLES LDR.,40,6,6,0.375,0.133,21.36,0.1807,3.24,0.2272,0.0057
336,396,DOW. DESANT. SAPERZY,85,6,6,0.375,0.134,19.2,0.1624,3.19,0.2241,0.0026
337,314,AT GROUP,45,6,6,0.375,0.134,19.2,0.1624,13.02,0.2241,0.005
338,78,MOT. RIFLES (CarlG),30,6,6,0.375,0.134,19.2,0.1624,2.6,0.2241,0.0075
339,272,MOT. RIFLES (Eryx),40,6,6,0.375,0.134,19.2,0.1624,3.96,0.2241,0.0056
340,319,CAVALRY SCOUTS,45,6,6,0.375,0.134,19.2,0.1624,2.51,0.2241,0.005
341,274,DESANT. ZWIADOWCY,40,6,6,0.375,0.134,19.2,0.1624,3.19,0.2241,0.0056
342,375,PZ.GREN. FÜH.,55,5,5,0.3125,0.123,30.91,0.2615,2.48,0.2169,0.0039
343,227,N.G. FIRE TEAM LDR.,35,6,6,0.375,0.118,18.17,0.1537,3.24,0.2152,0.0061
344,90,PZ.VERNICHTUNGSGRUPPE,30,6,6,0.375,0.122,17.14,0.1451,4.97,0.215,0.0072
345,294,MARECHAUSSEE CMG,40,4,4,0.25,0.177,24.52,0.2075,1.73,0.2087,0.0052
346,346,ROZP. SPECJALNE,45,4,4,0.25,0.181,22.71,0.1921,3.95,0.2075,0.0046
347,353,VÝS. PRŮZKUMNÍCI,45,4,4,0.25,0.172,19.91,0.1684,4.78,0.1986,0.0044
348,266,AERO-FIRE TEAM (AT-4),35,5,5,0.3125,0.123,19.47,0.1647,5.53,0.1975,0.0056
349,323,AERO-FIRE TEAM (DRAGON),40,5,5,0.3125,0.123,19.47,0.1647,2.51,0.1975,0.0049
350,350,AB FIRE TEAM (DRAGON),45,5,5,0.3125,0.123,19.47,0.1647,2.51,0.1975,0.0044
351,324,AB FIRE TEAM (AT-4),40,5,5,0.3125,0.123,19.47,0.1647,5.53,0.1975,0.0049
352,373,GENIE CMG,50,5,5,0.3125,0.121,17.95,0.1519,2.6,0.1941,0.0039
353,280,INFANTERIFØRER,35,4,4,0.25,0.157,19.7,0.1666,3.46,0.1917,0.0055
354,332,GURKHA AT GROUP,40,4,4,0.25,0.151,19.23,0.1627,13.02,0.188,0.0047
355,17,TERRIERS AT GROUP,20,4,4,0.25,0.151,19.23,0.1627,2.6,0.188,0.0094
356,380,AB MP PATROL (M67),50,5,5,0.3125,0.112,16.0,0.1354,1.35,0.1868,0.0037
357,356,MP PATROL (M67),45,5,5,0.3125,0.112,16.0,0.1354,1.35,0.1868,0.0042
358,20,RESERV. ECLAIREURS,20,4,4,0.25,0.139,20.94,0.1772,1.81,0.1854,0.0093
359,297,ZWIADOWCY,35,4,4,0.25,0.135,18.92,0.1601,2.28,0.1804,0.0052
360,246,GUN GROUP,30,4,4,0.25,0.124,19.45,0.1645,3.46,0.1763,0.0059
361,400,FALLSCHIRM. FÜH.,90,4,4,0.25,0.137,15.92,0.1347,4.78,0.1759,0.002
362,374,LUFTSTURM-JÄGER FÜH.,45,4,4,0.25,0.137,15.92,0.1347,4.78,0.1759,0.0039
363,391,GEBIRGSJÄGER FÜH.,50,4,4,0.25,0.087,24.56,0.2078,2.6,0.1684,0.0034
364,355,GVARDEITSY KOM.,40,4,4,0.25,0.096,21.73,0.1839,3.99,0.1674,0.0042
365,357,MOT.-SCHÜTZEN FÜH.,40,4,4,0.25,0.096,21.73,0.1839,3.46,0.1674,0.0042
367,359,MOTOSTRELKI KOM.,40,4,4,0.25,0.096,21.73,0.1839,3.99,0.1674,0.0042
367,359,MOTOSTRELKI KOM.,40,4,4,0.25,0.096,21.73,0.1839,3.99,0.1674,0.0042
368,340,PRŮZKUMNÍCI,35,4,4,0.25,0.114,16.12,0.1364,3.46,0.1662,0.0047
369,281,PATROUILLES,30,4,4,0.25,0.111,16.27,0.1376,2.93,0.1648,0.0055
383,345,AUFKLÄRER,35,4,4,0.25,0.111,16.27,0.1376,3.46,0.1648,0.0047
371,389,SCOUTS (LAW-80),45,4,4,0.25,0.107,16.27,0.1376,6.51,0.1632,0.0036
372,361,DSh. RAZVEDKA,40,4,4,0.25,0.107,16.27,0.1376,3.99,0.1632,0.0041
373,363,MOR. RAZVEDKA,40,4,4,0.25,0.107,16.27,0.1376,3.99,0.1632,0.0041
375,341,RAZVEDKA,35,4,4,0.25,0.107,16.27,0.1376,3.99,0.1632,0.0047
375,341,RAZVEDKA,35,4,4,0.25,0.107,16.27,0.1376,3.99,0.1632,0.0047
376,342,SCOUTS,35,4,4,0.25,0.107,16.27,0.1376,3.46,0.1632,0.0047
377,364,DESANT. RAZVEDKA,40,4,4,0.25,0.107,16.27,0.1376,3.99,0.1632,0.0041
401,390,ECLAIREURS,35,4,4,0.25,0.107,16.12,0.1364,2.44,0.1628,0.0047
379,362,LEGION. ECLAIREURS,40,4,4,0.25,0.107,16.12,0.1364,2.44,0.1628,0.0041
380,365,PARA. ECLAIREURS,40,4,4,0.25,0.107,16.12,0.1364,2.44,0.1628,0.0041
381,388,PANTSERINF. CMG,45,4,4,0.25,0.107,15.56,0.1317,1.77,0.1619,0.0036
382,393,FALLSCHIRM. AUFK.,50,4,4,0.25,0.102,15.39,0.1302,8.08,0.1596,0.0032
383,345,AUFKLÄRER,35,4,4,0.25,0.102,15.39,0.1302,2.48,0.1596,0.0046
384,370,PATROUILLE PARA-CMDO.,40,4,4,0.25,0.099,15.92,0.1347,2.93,0.1588,0.004
385,369,VERKENNERS (AT),40,4,4,0.25,0.101,15.09,0.1277,2.6,0.1583,0.004
386,348,VERKENNERS,35,4,4,0.25,0.101,15.09,0.1277,3.46,0.1583,0.0045
387,59,PATROUILLES PROV.,20,4,4,0.25,0.096,15.24,0.1289,2.75,0.1565,0.0078
388,378,CMDT GARDES REPUBLICAINS,40,4,4,0.25,0.096,13.27,0.1122,1.92,0.1531,0.0038
389,379,PATHFINDERS,40,4,4,0.25,0.096,13.27,0.1122,3.46,0.1531,0.0038
390,352,CAV. TROOPERS LDR.,35,4,4,0.25,0.096,13.27,0.1122,3.46,0.1531,0.0044
391,381,AIRBORNE SCOUTS,40,4,4,0.25,0.089,12.8,0.1083,5.53,0.1494,0.0037
392,382,PIONIER FÜH.,40,4,4,0.25,0.089,12.8,0.1083,2.93,0.1494,0.0037
393,383,DSh. SAPERI KOM.,40,4,4,0.25,0.089,12.8,0.1083,2.28,0.1494,0.0037
394,392,MOR. SAPERI KOMROTI,45,4,4,0.25,0.089,12.8,0.1083,2.28,0.1494,0.0033
396,385,SAPERI KOM.,40,4,4,0.25,0.089,12.8,0.1083,2.93,0.1494,0.0037
396,385,SAPERI KOM.,40,4,4,0.25,0.089,12.8,0.1083,3.46,0.1494,0.0037
397,401,DESANT. SAPERI KOM.,85,4,4,0.25,0.089,12.8,0.1083,2.28,0.1494,0.0018
398,354,MOR. OTDELENIE PODDERZHKI,35,4,4,0.25,0.089,12.8,0.1083,3.42,0.1494,0.0043
399,313,OTDELENIE PODDERZHKI,30,4,4,0.25,0.089,12.8,0.1083,3.42,0.1494,0.005
400,387,USMC RECON,40,4,4,0.25,0.089,12.8,0.1083,5.53,0.1494,0.0037
401,390,ECLAIREURS,40,4,4,0.25,0.081,11.43,0.0967,3.46,0.1434,0.0036
